timestamp,ghi_w_m2,dni_w_m2,dhi_w_m2,temp_air_c,wind_speed_m_s,relative_humidity_pct,precipitation_mm
2019-01-01 00:00:00-08:00,0.0,0.0,0.0,-1.62,3.19,43.98,0.0
2019-01-01 01:00:00-08:00,0.0,0.0,0.0,-1.83,3.23,45.07,0.0
2019-01-01 02:00:00-08:00,0.0,0.0,0.0,-2.05,3.2,45.06,0.0
2019-01-01 03:00:00-08:00,0.0,0.0,0.0,-2.25,3.3,42.59,0.0
2019-01-01 04:00:00-08:00,0.0,0.0,0.0,-2.51,3.45,39.93,0.0
2019-01-01 05:00:00-08:00,0.0,0.0,0.0,-2.73,3.55,38.24,0.0
2019-01-01 06:00:00-08:00,0.0,0.0,0.0,-2.8,3.74,36.95,0.0
2019-01-01 07:00:00-08:00,74.43,495.99,19.95,-1.18,5.02,31.22,0.0
2019-01-01 08:00:00-08:00,254.32,881.99,34.15,0.81,6.67,25.09,0.0
2019-01-01 09:00:00-08:00,409.58,974.97,43.7,2.17,7.2,21.51,0.0
2019-01-01 10:00:00-08:00,521.88,1052.28,42.57,3.34,7.05,19.4,0.0
2019-01-01 11:00:00-08:00,576.78,1083.11,41.06,4.28,6.62,17.96,0.0
2019-01-01 12:00:00-08:00,552.7,1054.36,45.85,4.99,6.03,17.08,0.0
2019-01-01 13:00:00-08:00,477.02,1031.98,42.16,5.58,5.38,16.38,0.0
2019-01-01 14:00:00-08:00,346.5,942.0,36.48,5.79,4.82,16.29,0.0
2019-01-01 15:00:00-08:00,174.75,773.39,29.05,5.0,3.19,19.28,0.0
2019-01-01 16:00:00-08:00,17.62,160.15,8.16,1.06,1.4,33.24,0.0
2019-01-01 17:00:00-08:00,0.0,0.0,0.0,0.38,1.49,32.77,0.0
2019-01-01 18:00:00-08:00,0.0,0.0,0.0,-0.49,1.58,34.57,0.0
2019-01-01 19:00:00-08:00,0.0,0.0,0.0,-1.28,1.68,36.38,0.0
2019-01-01 20:00:00-08:00,0.0,0.0,0.0,-1.95,1.88,38.19,0.0
2019-01-01 21:00:00-08:00,0.0,0.0,0.0,-2.61,1.97,40.37,0.0
2019-01-01 22:00:00-08:00,0.0,0.0,0.0,-3.3,1.99,42.8,0.0
2019-01-01 23:00:00-08:00,0.0,0.0,0.0,-3.58,2.19,43.5,0.0
2019-01-02 00:00:00-08:00,0.0,0.0,0.0,-3.41,2.91,41.58,0.0
2019-01-02 01:00:00-08:00,0.0,0.0,0.0,-3.3,3.52,40.25,0.0
2019-01-02 02:00:00-08:00,0.0,0.0,0.0,-3.48,3.55,39.88,0.0
2019-01-02 03:00:00-08:00,0.0,0.0,0.0,-3.71,3.33,40.32,0.0
2019-01-02 04:00:00-08:00,0.0,0.0,0.0,-3.86,3.13,40.83,0.0
2019-01-02 05:00:00-08:00,0.0,0.0,0.0,-3.83,3.15,41.08,0.0
2019-01-02 06:00:00-08:00,0.0,0.0,0.0,-3.76,3.17,41.2,0.0
2019-01-02 07:00:00-08:00,75.45,494.6,18.41,-2.03,4.53,35.65,0.0
2019-01-02 08:00:00-08:00,255.35,860.29,32.02,-0.01,6.16,29.43,0.0
2019-01-02 09:00:00-08:00,408.38,980.27,41.92,1.65,6.67,23.7,0.0
2019-01-02 10:00:00-08:00,513.97,1030.64,45.28,3.08,6.34,19.61,0.0
2019-01-02 11:00:00-08:00,565.12,1056.35,41.24,4.25,5.66,17.14,0.0
2019-01-02 12:00:00-08:00,547.1,1027.28,50.72,5.23,4.99,15.65,0.0
2019-01-02 13:00:00-08:00,440.42,806.64,98.02,5.98,4.65,14.85,0.0
2019-01-02 14:00:00-08:00,329.77,861.79,56.42,6.32,4.29,14.82,0.0
2019-01-02 15:00:00-08:00,170.75,760.67,30.98,5.12,2.36,20.56,0.0
2019-01-02 16:00:00-08:00,17.65,167.04,8.81,1.82,1.27,29.63,0.0
2019-01-02 17:00:00-08:00,0.0,0.0,0.0,2.05,1.18,25.32,0.0
2019-01-02 18:00:00-08:00,0.0,0.0,0.0,1.52,1.31,25.42,0.0
2019-01-02 19:00:00-08:00,0.0,0.0,0.0,0.83,1.43,28.35,0.0
2019-01-02 20:00:00-08:00,0.0,0.0,0.0,0.29,1.5,29.24,0.0
2019-01-02 21:00:00-08:00,0.0,0.0,0.0,-0.27,1.56,31.81,0.0
2019-01-02 22:00:00-08:00,0.0,0.0,0.0,-0.66,1.59,33.63,0.0
2019-01-02 23:00:00-08:00,0.0,0.0,0.0,-0.95,1.56,36.06,0.0
2019-01-03 00:00:00-08:00,0.0,0.0,0.0,-1.17,1.51,38.36,0.0
2019-01-03 01:00:00-08:00,0.0,0.0,0.0,-1.27,1.46,40.34,0.0
2019-01-03 02:00:00-08:00,0.0,0.0,0.0,-1.32,1.44,42.42,0.0
2019-01-03 03:00:00-08:00,0.0,0.0,0.0,-1.55,1.45,44.91,0.0
2019-01-03 04:00:00-08:00,0.0,0.0,0.0,-1.85,1.43,47.48,0.0
2019-01-03 05:00:00-08:00,0.0,0.0,0.0,-1.97,1.41,49.13,0.0
2019-01-03 06:00:00-08:00,0.0,0.0,0.0,-1.95,1.37,49.65,0.0
2019-01-03 07:00:00-08:00,71.6,465.09,20.49,-0.33,1.29,47.73,0.0
2019-01-03 08:00:00-08:00,249.1,865.74,35.14,2.95,2.95,36.8,0.0
2019-01-03 09:00:00-08:00,402.55,947.05,45.51,4.93,3.12,32.88,0.0
2019-01-03 10:00:00-08:00,508.6,1011.54,45.47,6.77,3.0,30.14,0.0
2019-01-03 11:00:00-08:00,557.42,1027.23,48.08,7.93,2.82,28.79,0.0
2019-01-03 12:00:00-08:00,542.05,1020.63,46.5,8.96,2.67,27.48,0.0
2019-01-03 13:00:00-08:00,467.58,973.16,46.82,9.55,2.46,26.89,0.0
2019-01-03 14:00:00-08:00,339.1,926.72,39.68,9.63,2.15,27.23,0.0
2019-01-03 15:00:00-08:00,170.73,754.05,29.1,8.24,0.97,35.55,0.0
2019-01-03 16:00:00-08:00,17.88,165.26,10.42,6.08,0.6,38.19,0.0
2019-01-03 17:00:00-08:00,0.0,0.0,0.0,5.06,1.05,39.8,0.0
2019-01-03 18:00:00-08:00,0.0,0.0,0.0,4.14,1.32,43.18,0.0
2019-01-03 19:00:00-08:00,0.0,0.0,0.0,3.81,1.42,45.13,0.0
2019-01-03 20:00:00-08:00,0.0,0.0,0.0,3.72,1.44,46.36,0.0
2019-01-03 21:00:00-08:00,0.0,0.0,0.0,3.5,1.46,47.85,0.0
2019-01-03 22:00:00-08:00,0.0,0.0,0.0,3.07,1.46,49.71,0.0
2019-01-03 23:00:00-08:00,0.0,0.0,0.0,2.42,1.47,52.25,0.0
2019-01-04 00:00:00-08:00,0.0,0.0,0.0,1.75,1.44,55.02,0.0
2019-01-04 01:00:00-08:00,0.0,0.0,0.0,0.87,1.46,58.62,0.0
2019-01-04 02:00:00-08:00,0.0,0.0,0.0,-0.24,1.51,64.17,0.0
2019-01-04 03:00:00-08:00,0.0,0.0,0.0,-1.01,1.57,69.42,0.0
2019-01-04 04:00:00-08:00,0.0,0.0,0.0,-1.33,1.59,72.64,0.0
2019-01-04 05:00:00-08:00,0.0,0.0,0.0,-1.39,1.52,74.67,0.0
2019-01-04 06:00:00-08:00,0.0,0.0,0.0,-1.33,1.46,75.42,0.0
2019-01-04 07:00:00-08:00,69.95,479.05,23.14,0.7,1.33,64.72,0.0
2019-01-04 08:00:00-08:00,242.45,808.97,42.66,4.69,2.6,49.11,0.0
2019-01-04 09:00:00-08:00,388.75,904.88,52.7,7.12,2.72,40.9,0.0
2019-01-04 10:00:00-08:00,487.5,883.4,90.2,9.48,2.5,33.54,0.0
2019-01-04 11:00:00-08:00,558.03,997.0,61.28,11.34,2.18,28.13,0.0
2019-01-04 12:00:00-08:00,545.28,996.37,59.34,12.18,1.84,26.05,0.0
2019-01-04 13:00:00-08:00,471.05,974.77,52.86,12.7,1.29,24.34,0.0
2019-01-04 14:00:00-08:00,341.35,906.22,45.7,12.62,0.76,23.95,0.0
2019-01-04 15:00:00-08:00,173.1,747.39,32.14,11.18,0.42,31.96,0.0
2019-01-04 16:00:00-08:00,18.73,182.19,9.42,9.01,0.38,32.54,0.0
2019-01-04 17:00:00-08:00,0.0,0.0,0.0,8.28,0.18,33.93,0.0
2019-01-04 18:00:00-08:00,0.0,0.0,0.0,7.03,0.67,35.47,0.0
2019-01-04 19:00:00-08:00,0.0,0.0,0.0,6.06,0.98,36.18,0.0
2019-01-04 20:00:00-08:00,0.0,0.0,0.0,5.32,1.1,36.91,0.0
2019-01-04 21:00:00-08:00,0.0,0.0,0.0,4.63,1.19,37.84,0.0
2019-01-04 22:00:00-08:00,0.0,0.0,0.0,3.79,1.28,39.57,0.0
2019-01-04 23:00:00-08:00,0.0,0.0,0.0,2.67,1.41,42.42,0.0
2019-01-05 00:00:00-08:00,0.0,0.0,0.0,2.5,1.34,45.17,0.0
2019-01-05 01:00:00-08:00,0.0,0.0,0.0,2.08,1.34,48.02,0.0
2019-01-05 02:00:00-08:00,0.0,0.0,0.0,1.24,1.47,52.77,0.0
2019-01-05 03:00:00-08:00,0.0,0.0,0.0,1.1,1.55,57.56,0.0
2019-01-05 04:00:00-08:00,0.0,0.0,0.0,1.38,1.65,60.84,0.0
2019-01-05 05:00:00-08:00,0.0,0.0,0.0,1.47,1.85,62.87,0.0
2019-01-05 06:00:00-08:00,0.0,0.0,0.0,1.51,1.93,63.57,0.0
2019-01-05 07:00:00-08:00,24.83,0.0,23.09,2.19,1.96,60.16,0.0
2019-01-05 08:00:00-08:00,130.4,0.3,112.75,3.89,2.65,53.17,0.0
2019-01-05 09:00:00-08:00,243.32,9.8,212.02,5.18,3.09,48.23,0.0
2019-01-05 10:00:00-08:00,183.43,0.54,155.36,6.4,2.63,43.96,0.0
2019-01-05 11:00:00-08:00,219.07,0.0,191.54,7.39,2.01,41.16,0.0
2019-01-05 12:00:00-08:00,168.2,0.0,139.69,8.55,0.68,38.55,0.0
2019-01-05 13:00:00-08:00,213.12,0.0,185.46,9.15,0.43,38.17,0.0
2019-01-05 14:00:00-08:00,149.57,0.0,127.83,8.96,0.31,43.59,0.002916666666666667
2019-01-05 15:00:00-08:00,71.85,0.0,64.49,8.52,0.2,44.77,0.018333333333333333
2019-01-05 16:00:00-08:00,8.7,0.0,9.13,7.68,0.14,47.99,0.11458333333333333
2019-01-05 17:00:00-08:00,0.0,0.0,0.0,6.57,0.27,53.5,0.5858333333333333
2019-01-05 18:00:00-08:00,0.0,0.0,0.0,5.27,0.47,64.08,1.0670833333333334
2019-01-05 19:00:00-08:00,0.0,0.0,0.0,4.38,0.6,75.48,1.2945833333333334
2019-01-05 20:00:00-08:00,0.0,0.0,0.0,4.05,0.59,81.24,0.9125
2019-01-05 21:00:00-08:00,0.0,0.0,0.0,3.86,0.61,84.52,0.9245833333333334
2019-01-05 22:00:00-08:00,0.0,0.0,0.0,3.46,0.77,86.9,0.7745833333333333
2019-01-05 23:00:00-08:00,0.0,0.0,0.0,2.69,1.01,89.12,0.62875
2019-01-06 00:00:00-08:00,0.0,0.0,0.0,2.23,1.09,91.02,0.5820833333333334
2019-01-06 01:00:00-08:00,0.0,0.0,0.0,2.09,1.12,91.7,0.5208333333333334
2019-01-06 02:00:00-08:00,0.0,0.0,0.0,1.83,1.17,94.03,0.5962500000000001
2019-01-06 03:00:00-08:00,0.0,0.0,0.0,1.76,1.17,95.54,0.8383333333333334
2019-01-06 04:00:00-08:00,0.0,0.0,0.0,1.71,1.29,96.98,0.4141666666666666
2019-01-06 05:00:00-08:00,0.0,0.0,0.0,1.84,1.56,97.19,0.24458333333333335
2019-01-06 06:00:00-08:00,0.0,0.0,0.0,1.71,1.77,99.44,0.10083333333333333
2019-01-06 07:00:00-08:00,22.17,37.62,20.4,3.19,2.33,93.42,0.03625
2019-01-06 08:00:00-08:00,85.22,99.38,61.53,6.33,4.29,80.97,0.030416666666666665
2019-01-06 09:00:00-08:00,150.77,164.95,96.83,8.78,5.23,71.55,0.015416666666666667
2019-01-06 10:00:00-08:00,223.4,167.03,157.51,10.22,5.86,62.19,0.042083333333333334
2019-01-06 11:00:00-08:00,279.7,125.69,203.68,11.07,5.85,55.02,0.02125
2019-01-06 12:00:00-08:00,299.83,146.64,216.86,11.83,5.63,48.23,0.004166666666666667
2019-01-06 13:00:00-08:00,317.2,514.83,123.31,12.15,5.17,42.83,0.00125
2019-01-06 14:00:00-08:00,222.88,455.82,93.51,12.03,4.72,39.9,0.0004166666666666667
2019-01-06 15:00:00-08:00,111.07,274.96,56.39,10.74,3.1,43.69,0.0004166666666666667
2019-01-06 16:00:00-08:00,13.88,104.79,12.95,6.37,1.8,60.96,0.0
2019-01-06 17:00:00-08:00,0.0,0.0,0.0,4.93,1.96,64.35,0.0
2019-01-06 18:00:00-08:00,0.0,0.0,0.0,5.52,2.49,63.27,0.0
2019-01-06 19:00:00-08:00,0.0,0.0,0.0,5.42,2.69,67.22,0.0
2019-01-06 20:00:00-08:00,0.0,0.0,0.0,3.97,2.59,79.38,0.00125
2019-01-06 21:00:00-08:00,0.0,0.0,0.0,3.48,3.0,87.89,0.0025
2019-01-06 22:00:00-08:00,0.0,0.0,0.0,3.25,3.52,91.44,0.00375
2019-01-06 23:00:00-08:00,0.0,0.0,0.0,3.12,3.6,92.25,0.005833333333333334
2019-01-07 00:00:00-08:00,0.0,0.0,0.0,2.8,3.36,94.72,0.009583333333333334
2019-01-07 01:00:00-08:00,0.0,0.0,0.0,2.09,2.52,100.0,0.012916666666666667
2019-01-07 02:00:00-08:00,0.0,0.0,0.0,1.97,2.51,100.0,0.023333333333333334
2019-01-07 03:00:00-08:00,0.0,0.0,0.0,1.93,2.35,99.8,0.03291666666666667
2019-01-07 04:00:00-08:00,0.0,0.0,0.0,2.05,2.47,98.35,0.00125
2019-01-07 05:00:00-08:00,0.0,0.0,0.0,2.13,2.39,98.07,0.00125
2019-01-07 06:00:00-08:00,0.0,0.0,0.0,2.04,2.17,99.21,0.0008333333333333334
2019-01-07 07:00:00-08:00,28.42,56.64,25.17,4.01,2.46,88.04,0.0004166666666666667
2019-01-07 08:00:00-08:00,102.95,58.67,84.01,6.85,3.6,74.47,0.0004166666666666667
2019-01-07 09:00:00-08:00,167.02,42.02,140.2,9.13,3.83,66.28,0.0004166666666666667
2019-01-07 10:00:00-08:00,251.43,9.95,211.19,10.93,3.99,60.58,0.0004166666666666667
2019-01-07 11:00:00-08:00,318.65,20.15,273.79,12.3,3.89,57.48,0.0004166666666666667
2019-01-07 12:00:00-08:00,257.35,0.17,224.98,13.58,3.46,53.79,0.0004166666666666667
2019-01-07 13:00:00-08:00,260.35,152.49,183.87,14.14,2.72,51.87,0.0004166666666666667
2019-01-07 14:00:00-08:00,191.8,234.18,122.29,13.77,2.01,52.86,0.0004166666666666667
2019-01-07 15:00:00-08:00,105.53,251.21,64.46,12.64,0.97,58.98,0.0004166666666666667
2019-01-07 16:00:00-08:00,13.9,82.68,12.8,10.72,0.35,65.61,0.0004166666666666667
2019-01-07 17:00:00-08:00,0.0,0.0,0.0,8.64,1.01,74.99,0.0004166666666666667
2019-01-07 18:00:00-08:00,0.0,0.0,0.0,7.17,1.1,83.67,0.0004166666666666667
2019-01-07 19:00:00-08:00,0.0,0.0,0.0,6.71,1.09,86.56,0.0004166666666666667
2019-01-07 20:00:00-08:00,0.0,0.0,0.0,6.62,1.13,87.29,0.0008333333333333334
2019-01-07 21:00:00-08:00,0.0,0.0,0.0,6.48,1.23,88.31,0.0008333333333333334
2019-01-07 22:00:00-08:00,0.0,0.0,0.0,6.22,1.24,90.22,0.0004166666666666667
2019-01-07 23:00:00-08:00,0.0,0.0,0.0,5.69,1.26,93.39,0.0
2019-01-08 00:00:00-08:00,0.0,0.0,0.0,4.86,1.36,98.59,0.0
2019-01-08 01:00:00-08:00,0.0,0.0,0.0,3.78,1.57,100.0,0.0
2019-01-08 02:00:00-08:00,0.0,0.0,0.0,3.44,1.81,100.0,0.0
2019-01-08 03:00:00-08:00,0.0,0.0,0.0,3.35,2.09,100.0,0.0
2019-01-08 04:00:00-08:00,0.0,0.0,0.0,3.3,2.39,95.41,0.0
2019-01-08 05:00:00-08:00,0.0,0.0,0.0,3.2,2.58,89.26,0.0
2019-01-08 06:00:00-08:00,0.0,0.0,0.0,2.88,2.6,86.29,0.0
2019-01-08 07:00:00-08:00,47.65,111.47,41.79,4.69,3.65,74.36,0.0
2019-01-08 08:00:00-08:00,180.1,178.64,132.24,7.06,4.53,63.71,0.0
2019-01-08 09:00:00-08:00,312.02,214.57,241.85,9.28,4.2,55.55,0.0
2019-01-08 10:00:00-08:00,400.6,203.3,302.95,11.02,3.35,48.38,0.0
2019-01-08 11:00:00-08:00,440.3,369.18,333.71,12.31,2.5,42.7,0.0
2019-01-08 12:00:00-08:00,421.1,189.58,307.7,13.42,1.79,38.23,0.0
2019-01-08 13:00:00-08:00,365.52,226.2,258.84,13.77,1.35,37.25,0.0
2019-01-08 14:00:00-08:00,255.5,243.58,190.22,13.53,1.1,38.32,0.0
2019-01-08 15:00:00-08:00,121.7,130.65,98.64,12.14,0.56,50.74,0.0
2019-01-08 16:00:00-08:00,13.52,26.03,16.1,10.15,0.91,52.97,0.0
2019-01-08 17:00:00-08:00,0.0,0.0,0.0,8.99,1.14,55.19,0.0
2019-01-08 18:00:00-08:00,0.0,0.0,0.0,8.14,1.26,57.23,0.0
2019-01-08 19:00:00-08:00,0.0,0.0,0.0,7.58,1.31,59.46,0.0
2019-01-08 20:00:00-08:00,0.0,0.0,0.0,7.15,1.31,61.83,0.0
2019-01-08 21:00:00-08:00,0.0,0.0,0.0,6.48,1.34,65.52,0.0
2019-01-08 22:00:00-08:00,0.0,0.0,0.0,5.83,1.45,69.33,0.0
2019-01-08 23:00:00-08:00,0.0,0.0,0.0,5.35,1.59,72.5,0.0
2019-01-09 00:00:00-08:00,0.0,0.0,0.0,4.86,1.69,75.55,0.0
2019-01-09 01:00:00-08:00,0.0,0.0,0.0,4.41,1.66,77.82,0.0
2019-01-09 02:00:00-08:00,0.0,0.0,0.0,4.04,1.54,79.12,0.0
2019-01-09 03:00:00-08:00,0.0,0.0,0.0,3.7,1.41,79.88,0.0
2019-01-09 04:00:00-08:00,0.0,0.0,0.0,3.4,1.32,80.43,0.0
2019-01-09 05:00:00-08:00,0.0,0.0,0.0,3.23,1.31,80.27,0.0
2019-01-09 06:00:00-08:00,0.0,0.0,0.0,3.13,1.39,79.9,0.0
2019-01-09 07:00:00-08:00,62.67,320.72,32.33,4.93,1.47,70.96,0.0
2019-01-09 08:00:00-08:00,235.32,729.84,63.31,8.51,2.99,56.85,0.0
2019-01-09 09:00:00-08:00,391.08,864.55,64.83,11.29,2.55,48.65,0.0
2019-01-09 10:00:00-08:00,511.2,983.39,52.52,13.38,1.72,43.25,0.0
2019-01-09 11:00:00-08:00,552.75,933.39,75.19,14.64,1.24,39.17,0.0
2019-01-09 12:00:00-08:00,546.25,984.11,65.08,15.52,0.9,36.3,0.0
2019-01-09 13:00:00-08:00,438.4,686.26,144.21,16.08,0.56,34.51,0.0
2019-01-09 14:00:00-08:00,309.7,623.07,123.08,16.16,0.42,34.08,0.0
2019-01-09 15:00:00-08:00,156.27,341.15,89.21,14.97,0.35,42.56,0.0
2019-01-09 16:00:00-08:00,18.15,54.73,19.63,12.64,0.76,46.25,0.0
2019-01-09 17:00:00-08:00,0.0,0.0,0.0,11.61,0.92,47.65,0.0
2019-01-09 18:00:00-08:00,0.0,0.0,0.0,11.06,0.89,48.19,0.0
2019-01-09 19:00:00-08:00,0.0,0.0,0.0,10.55,0.91,48.58,0.0
2019-01-09 20:00:00-08:00,0.0,0.0,0.0,10.07,0.98,48.85,0.0
2019-01-09 21:00:00-08:00,0.0,0.0,0.0,9.75,0.98,49.18,0.0
2019-01-09 22:00:00-08:00,0.0,0.0,0.0,9.67,0.88,49.19,0.0
2019-01-09 23:00:00-08:00,0.0,0.0,0.0,9.49,0.77,49.77,0.0
2019-01-10 00:00:00-08:00,0.0,0.0,0.0,8.96,0.81,51.44,0.008749999999999999
2019-01-10 01:00:00-08:00,0.0,0.0,0.0,7.85,1.06,55.46,0.008749999999999999
2019-01-10 02:00:00-08:00,0.0,0.0,0.0,6.15,1.34,62.63,0.008749999999999999
2019-01-10 03:00:00-08:00,0.0,0.0,0.0,4.44,1.48,70.69,0.0
2019-01-10 04:00:00-08:00,0.0,0.0,0.0,3.48,1.54,75.83,0.0
2019-01-10 05:00:00-08:00,0.0,0.0,0.0,3.02,1.6,78.57,0.0
2019-01-10 06:00:00-08:00,0.0,0.0,0.0,2.76,1.6,80.45,0.0
2019-01-10 07:00:00-08:00,61.4,247.5,35.24,4.9,1.57,71.3,0.0
2019-01-10 08:00:00-08:00,226.25,634.73,65.53,8.73,3.02,55.89,0.0
2019-01-10 09:00:00-08:00,379.8,803.97,79.1,11.86,2.6,45.57,0.0
2019-01-10 10:00:00-08:00,496.38,908.46,72.04,14.37,2.34,38.38,0.0
2019-01-10 11:00:00-08:00,560.78,984.3,58.82,15.86,2.19,34.08,0.0
2019-01-10 12:00:00-08:00,546.0,980.52,56.06,16.71,2.11,31.61,0.0
2019-01-10 13:00:00-08:00,476.55,966.59,48.41,17.03,1.88,30.65,0.0
2019-01-10 14:00:00-08:00,352.98,907.23,44.4,16.82,1.5,31.06,0.0
2019-01-10 15:00:00-08:00,187.82,745.01,34.32,15.56,0.66,40.67,0.0
2019-01-10 16:00:00-08:00,26.05,239.1,11.27,13.49,0.6,41.2,0.0
2019-01-10 17:00:00-08:00,0.0,0.0,0.0,12.4,0.74,42.6,0.0
2019-01-10 18:00:00-08:00,0.0,0.0,0.0,11.13,0.99,45.66,0.0
2019-01-10 19:00:00-08:00,0.0,0.0,0.0,9.98,1.18,48.7,0.0
2019-01-10 20:00:00-08:00,0.0,0.0,0.0,9.76,1.17,48.58,0.0
2019-01-10 21:00:00-08:00,0.0,0.0,0.0,9.52,1.11,48.75,0.0
2019-01-10 22:00:00-08:00,0.0,0.0,0.0,8.89,1.16,51.51,0.0
2019-01-10 23:00:00-08:00,0.0,0.0,0.0,7.27,1.39,58.54,0.0
2019-01-11 00:00:00-08:00,0.0,0.0,0.0,5.73,1.49,65.94,0.0
2019-01-11 01:00:00-08:00,0.0,0.0,0.0,4.77,1.55,70.34,0.0
2019-01-11 02:00:00-08:00,0.0,0.0,0.0,4.11,1.59,73.11,0.0
2019-01-11 03:00:00-08:00,0.0,0.0,0.0,3.49,1.59,75.59,0.0
2019-01-11 04:00:00-08:00,0.0,0.0,0.0,3.05,1.6,77.6,0.0
2019-01-11 05:00:00-08:00,0.0,0.0,0.0,2.79,1.62,78.89,0.0
2019-01-11 06:00:00-08:00,0.0,0.0,0.0,2.58,1.66,79.71,0.0
2019-01-11 07:00:00-08:00,64.18,366.78,26.24,4.77,1.72,69.73,0.0
2019-01-11 08:00:00-08:00,211.77,559.59,74.86,8.56,3.48,54.83,0.0
2019-01-11 09:00:00-08:00,329.62,535.46,134.32,10.63,3.62,47.72,0.0
2019-01-11 10:00:00-08:00,439.48,415.59,265.34,12.85,3.28,37.85,0.0
2019-01-11 11:00:00-08:00,551.5,875.89,115.68,14.13,2.86,31.07,0.0
2019-01-11 12:00:00-08:00,495.88,632.43,192.17,14.53,2.5,27.27,0.0
2019-01-11 13:00:00-08:00,317.73,105.86,244.54,14.4,2.2,26.13,0.0
2019-01-11 14:00:00-08:00,214.1,92.56,172.53,13.81,1.98,26.76,0.0
2019-01-11 15:00:00-08:00,109.75,71.42,90.23,11.89,0.83,43.44,0.0
2019-01-11 16:00:00-08:00,13.0,25.56,14.79,10.59,0.79,39.06,0.0
2019-01-11 17:00:00-08:00,0.0,0.0,0.0,10.3,0.66,36.73,0.0
2019-01-11 18:00:00-08:00,0.0,0.0,0.0,9.74,0.86,36.52,0.0
2019-01-11 19:00:00-08:00,0.0,0.0,0.0,8.46,1.19,40.49,0.0
2019-01-11 20:00:00-08:00,0.0,0.0,0.0,6.86,1.43,44.41,0.0
2019-01-11 21:00:00-08:00,0.0,0.0,0.0,5.54,1.53,48.16,0.0
2019-01-11 22:00:00-08:00,0.0,0.0,0.0,4.45,1.63,50.71,0.0
2019-01-11 23:00:00-08:00,0.0,0.0,0.0,3.2,1.75,53.8,0.0
2019-01-12 00:00:00-08:00,0.0,0.0,0.0,2.21,1.82,57.1,0.0
2019-01-12 01:00:00-08:00,0.0,0.0,0.0,1.81,1.99,58.97,0.0
2019-01-12 02:00:00-08:00,0.0,0.0,0.0,1.44,2.17,60.31,0.0
2019-01-12 03:00:00-08:00,0.0,0.0,0.0,1.3,2.23,60.9,0.0
2019-01-12 04:00:00-08:00,0.0,0.0,0.0,2.44,2.37,57.35,0.0
2019-01-12 05:00:00-08:00,0.0,0.0,0.0,2.81,2.23,56.88,0.0
2019-01-12 06:00:00-08:00,0.0,0.0,0.0,2.91,2.16,57.29,0.0
2019-01-12 07:00:00-08:00,57.25,221.09,39.66,3.82,2.5,54.66,0.0
2019-01-12 08:00:00-08:00,197.65,418.24,98.2,5.46,3.5,49.09,0.0
2019-01-12 09:00:00-08:00,323.33,515.43,145.58,7.38,3.41,43.45,0.0
2019-01-12 10:00:00-08:00,415.95,557.63,167.56,9.93,2.69,37.77,0.0
2019-01-12 11:00:00-08:00,435.75,486.11,209.46,11.98,2.34,31.96,0.0
2019-01-12 12:00:00-08:00,383.88,227.91,264.61,12.65,2.44,29.95,0.0
2019-01-12 13:00:00-08:00,334.83,192.81,237.1,12.65,2.55,29.94,0.0004166666666666667
2019-01-12 14:00:00-08:00,239.95,165.74,180.61,12.17,2.2,32.9,0.00125
2019-01-12 15:00:00-08:00,124.57,163.74,90.35,10.17,1.12,47.76,0.002916666666666667
2019-01-12 16:00:00-08:00,17.27,57.63,18.28,8.34,1.21,51.04,0.0033333333333333335
2019-01-12 17:00:00-08:00,0.0,0.0,0.0,7.76,1.29,50.98,0.002916666666666667
2019-01-12 18:00:00-08:00,0.0,0.0,0.0,7.49,1.35,50.93,0.0016666666666666668
2019-01-12 19:00:00-08:00,0.0,0.0,0.0,7.22,1.46,50.86,0.0004166666666666667
2019-01-12 20:00:00-08:00,0.0,0.0,0.0,7.02,1.62,49.95,0.0
2019-01-12 21:00:00-08:00,0.0,0.0,0.0,6.63,1.81,49.8,0.0
2019-01-12 22:00:00-08:00,0.0,0.0,0.0,5.92,2.2,50.54,0.0
2019-01-12 23:00:00-08:00,0.0,0.0,0.0,4.26,2.6,54.03,0.0
2019-01-13 00:00:00-08:00,0.0,0.0,0.0,3.15,2.93,56.69,0.0
2019-01-13 01:00:00-08:00,0.0,0.0,0.0,2.42,2.85,59.32,0.0
2019-01-13 02:00:00-08:00,0.0,0.0,0.0,1.85,2.64,61.57,0.0
2019-01-13 03:00:00-08:00,0.0,0.0,0.0,1.47,2.55,63.04,0.0
2019-01-13 04:00:00-08:00,0.0,0.0,0.0,1.25,2.55,63.82,0.0
2019-01-13 05:00:00-08:00,0.0,0.0,0.0,1.06,2.51,63.81,0.0
2019-01-13 06:00:00-08:00,0.0,0.0,0.0,0.9,2.51,63.44,0.0
2019-01-13 07:00:00-08:00,77.05,510.12,18.94,3.12,3.6,55.13,0.0
2019-01-13 08:00:00-08:00,258.55,869.18,34.37,5.84,4.61,46.41,0.0
2019-01-13 09:00:00-08:00,414.08,948.59,44.47,8.32,4.44,42.05,0.0
2019-01-13 10:00:00-08:00,512.4,900.59,85.69,10.57,4.33,38.13,0.0
2019-01-13 11:00:00-08:00,578.55,1001.06,57.52,11.84,4.24,35.34,0.0
2019-01-13 12:00:00-08:00,566.3,993.92,57.39,12.56,3.97,33.16,0.0
2019-01-13 13:00:00-08:00,466.88,918.86,58.91,12.89,3.67,31.54,0.0
2019-01-13 14:00:00-08:00,354.1,908.85,48.39,12.74,3.17,31.14,0.0
2019-01-13 15:00:00-08:00,193.07,741.58,40.15,11.68,1.94,36.76,0.0
2019-01-13 16:00:00-08:00,30.77,274.01,14.27,8.55,1.1,48.29,0.0
2019-01-13 17:00:00-08:00,0.0,0.0,0.0,7.5,1.25,47.56,0.0
2019-01-13 18:00:00-08:00,0.0,0.0,0.0,6.73,1.31,49.55,0.0
2019-01-13 19:00:00-08:00,0.0,0.0,0.0,5.61,1.41,53.05,0.0
2019-01-13 20:00:00-08:00,0.0,0.0,0.0,4.58,1.52,56.14,0.0
2019-01-13 21:00:00-08:00,0.0,0.0,0.0,4.17,1.73,57.97,0.0
2019-01-13 22:00:00-08:00,0.0,0.0,0.0,4.01,1.97,59.54,0.0
2019-01-13 23:00:00-08:00,0.0,0.0,0.0,3.38,2.14,62.44,0.0
2019-01-14 00:00:00-08:00,0.0,0.0,0.0,2.32,2.11,66.5,0.0
2019-01-14 01:00:00-08:00,0.0,0.0,0.0,1.79,2.17,68.02,0.0
2019-01-14 02:00:00-08:00,0.0,0.0,0.0,1.52,2.14,67.8,0.0
2019-01-14 03:00:00-08:00,0.0,0.0,0.0,1.25,2.03,67.53,0.0
2019-01-14 04:00:00-08:00,0.0,0.0,0.0,0.98,1.82,67.71,0.0
2019-01-14 05:00:00-08:00,0.0,0.0,0.0,0.87,1.75,67.81,0.0
2019-01-14 06:00:00-08:00,0.0,0.0,0.0,0.84,1.72,68.21,0.0
2019-01-14 07:00:00-08:00,47.88,214.42,32.54,3.17,2.13,61.09,0.0
2019-01-14 08:00:00-08:00,161.6,231.44,102.49,5.87,3.4,51.23,0.0
2019-01-14 09:00:00-08:00,266.33,187.56,192.51,7.86,3.08,47.94,0.0
2019-01-14 10:00:00-08:00,344.02,99.35,269.38,10.04,2.74,47.19,0.0
2019-01-14 11:00:00-08:00,367.88,82.52,285.23,11.37,2.71,46.67,0.0008333333333333334
2019-01-14 12:00:00-08:00,360.35,87.26,287.58,12.0,2.84,47.36,0.0016666666666666668
2019-01-14 13:00:00-08:00,293.23,67.69,233.36,12.48,2.96,48.84,0.005833333333333334
2019-01-14 14:00:00-08:00,207.15,83.44,167.74,12.49,2.77,51.77,0.045000000000000005
2019-01-14 15:00:00-08:00,112.55,97.95,85.6,11.29,1.06,62.35,0.22958333333333333
2019-01-14 16:00:00-08:00,13.27,23.22,14.48,9.73,0.71,68.06,0.4791666666666667
2019-01-14 17:00:00-08:00,0.0,0.0,0.0,8.79,0.79,75.0,1.11125
2019-01-14 18:00:00-08:00,0.0,0.0,0.0,8.14,0.94,84.73,1.8495833333333334
2019-01-14 19:00:00-08:00,0.0,0.0,0.0,7.62,1.1,90.65,2.05125
2019-01-14 20:00:00-08:00,0.0,0.0,0.0,7.29,1.27,92.28,1.1775
2019-01-14 21:00:00-08:00,0.0,0.0,0.0,7.38,1.51,92.59,0.45208333333333334
2019-01-14 22:00:00-08:00,0.0,0.0,0.0,7.19,1.88,92.92,0.26125
2019-01-14 23:00:00-08:00,0.0,0.0,0.0,6.98,2.21,93.51,0.15333333333333335
2019-01-15 00:00:00-08:00,0.0,0.0,0.0,6.83,2.35,94.19,0.12458333333333334
2019-01-15 01:00:00-08:00,0.0,0.0,0.0,6.74,1.89,94.65,0.11666666666666665
2019-01-15 02:00:00-08:00,0.0,0.0,0.0,6.62,1.24,95.42,0.08708333333333333
2019-01-15 03:00:00-08:00,0.0,0.0,0.0,6.57,0.78,95.56,0.09166666666666667
2019-01-15 04:00:00-08:00,0.0,0.0,0.0,6.78,0.64,94.32,0.14083333333333334
2019-01-15 05:00:00-08:00,0.0,0.0,0.0,6.97,0.49,93.42,0.4558333333333333
2019-01-15 06:00:00-08:00,0.0,0.0,0.0,6.56,0.62,96.11,1.0066666666666666
2019-01-15 07:00:00-08:00,21.77,0.0,20.25,6.66,0.64,96.82,1.2416666666666667
2019-01-15 08:00:00-08:00,73.68,0.0,64.48,7.37,1.44,92.68,1.0025
2019-01-15 09:00:00-08:00,104.12,0.0,90.75,7.87,1.5,89.73,0.7970833333333333
2019-01-15 10:00:00-08:00,153.8,0.0,132.02,8.38,1.08,86.78,0.9929166666666666
2019-01-15 11:00:00-08:00,161.52,0.0,140.64,8.79,0.34,83.8,1.0079166666666668
2019-01-15 12:00:00-08:00,124.75,57.75,91.09,9.44,0.67,79.14,0.9033333333333333
2019-01-15 13:00:00-08:00,84.72,16.54,70.89,9.83,1.0,75.98,0.73375
2019-01-15 14:00:00-08:00,112.03,19.52,96.24,9.79,0.94,75.69,0.5604166666666667
2019-01-15 15:00:00-08:00,61.4,35.89,51.28,9.15,0.56,85.67,0.31583333333333335
2019-01-15 16:00:00-08:00,11.15,27.15,12.58,7.86,0.81,87.53,0.18583333333333332
2019-01-15 17:00:00-08:00,0.0,0.0,0.0,6.81,1.02,89.62,0.15791666666666668
2019-01-15 18:00:00-08:00,0.0,0.0,0.0,6.17,1.09,93.1,0.12458333333333334
2019-01-15 19:00:00-08:00,0.0,0.0,0.0,5.54,1.21,96.46,0.09125
2019-01-15 20:00:00-08:00,0.0,0.0,0.0,5.25,1.33,97.63,0.11583333333333333
2019-01-15 21:00:00-08:00,0.0,0.0,0.0,5.13,1.45,97.64,0.16083333333333333
2019-01-15 22:00:00-08:00,0.0,0.0,0.0,4.36,1.54,100.0,0.08750000000000001
2019-01-15 23:00:00-08:00,0.0,0.0,0.0,3.91,1.68,100.0,0.035833333333333335
2019-01-16 00:00:00-08:00,0.0,0.0,0.0,3.66,1.68,100.0,0.03208333333333333
2019-01-16 01:00:00-08:00,0.0,0.0,0.0,3.53,1.71,100.0,0.024166666666666666
2019-01-16 02:00:00-08:00,0.0,0.0,0.0,3.82,1.76,100.0,0.02
2019-01-16 03:00:00-08:00,0.0,0.0,0.0,4.34,1.9,100.0,0.01375
2019-01-16 04:00:00-08:00,0.0,0.0,0.0,5.0,1.91,100.0,0.03208333333333333
2019-01-16 05:00:00-08:00,0.0,0.0,0.0,5.23,1.85,100.0,0.024166666666666666
2019-01-16 06:00:00-08:00,0.0,0.0,0.0,5.43,1.79,100.0,0.020416666666666666
2019-01-16 07:00:00-08:00,31.23,19.19,29.24,6.7,2.02,96.64,0.021666666666666667
2019-01-16 08:00:00-08:00,125.28,47.99,103.72,9.19,3.51,84.58,0.018333333333333333
2019-01-16 09:00:00-08:00,212.23,57.27,177.6,11.43,4.53,76.17,0.07375
2019-01-16 10:00:00-08:00,289.17,13.29,246.03,13.74,4.83,64.8,0.09375
2019-01-16 11:00:00-08:00,346.95,100.64,289.54,15.26,4.78,54.72,0.01875
2019-01-16 12:00:00-08:00,412.08,187.31,330.96,16.17,4.59,48.49,0.004166666666666667
2019-01-16 13:00:00-08:00,293.23,18.25,245.62,15.94,3.96,47.71,0.0016666666666666668
2019-01-16 14:00:00-08:00,199.27,42.08,170.04,15.56,3.28,48.88,0.00125
2019-01-16 15:00:00-08:00,97.38,36.77,78.95,14.26,1.74,57.92,0.00125
2019-01-16 16:00:00-08:00,15.12,31.57,16.31,10.6,1.33,70.64,0.0008333333333333334
2019-01-16 17:00:00-08:00,0.0,0.0,0.0,8.84,1.44,77.84,0.00125
2019-01-16 18:00:00-08:00,0.0,0.0,0.0,8.11,1.46,83.51,0.0016666666666666668
2019-01-16 19:00:00-08:00,0.0,0.0,0.0,7.29,1.42,89.8,0.0020833333333333333
2019-01-16 20:00:00-08:00,0.0,0.0,0.0,6.63,1.41,95.33,0.0025
2019-01-16 21:00:00-08:00,0.0,0.0,0.0,6.44,1.37,97.82,0.0020833333333333333
2019-01-16 22:00:00-08:00,0.0,0.0,0.0,6.48,1.31,98.94,0.005833333333333334
2019-01-16 23:00:00-08:00,0.0,0.0,0.0,6.39,1.26,100.0,0.04583333333333334
2019-01-17 00:00:00-08:00,0.0,0.0,0.0,6.37,1.24,100.0,0.057499999999999996
2019-01-17 01:00:00-08:00,0.0,0.0,0.0,6.26,1.24,100.0,0.06333333333333334
2019-01-17 02:00:00-08:00,0.0,0.0,0.0,5.76,1.34,100.0,0.06125
2019-01-17 03:00:00-08:00,0.0,0.0,0.0,5.34,1.63,100.0,0.043750000000000004
2019-01-17 04:00:00-08:00,0.0,0.0,0.0,5.18,1.85,100.0,0.055
2019-01-17 05:00:00-08:00,0.0,0.0,0.0,5.4,1.96,100.0,0.050416666666666665
2019-01-17 06:00:00-08:00,0.0,0.0,0.0,6.25,2.35,99.0,0.02125
2019-01-17 07:00:00-08:00,34.88,55.36,29.1,7.89,3.38,89.27,0.06375
2019-01-17 08:00:00-08:00,143.02,159.98,98.79,9.52,4.57,81.8,0.26375
2019-01-17 09:00:00-08:00,235.07,224.06,151.92,11.01,4.81,77.36,0.7641666666666667
2019-01-17 10:00:00-08:00,301.95,282.97,169.15,12.23,5.59,75.26,1.4666666666666668
2019-01-17 11:00:00-08:00,354.27,360.75,179.23,13.52,6.72,70.16,0.46291666666666664
2019-01-17 12:00:00-08:00,321.12,456.8,106.35,15.35,7.66,62.6,0.043333333333333335
2019-01-17 13:00:00-08:00,261.98,372.51,113.36,16.34,7.67,57.21,0.012083333333333333
2019-01-17 14:00:00-08:00,170.62,241.35,95.76,16.59,7.39,53.77,0.004166666666666667
2019-01-17 15:00:00-08:00,88.53,129.25,60.18,15.68,6.2,55.47,0.0016666666666666668
2019-01-17 16:00:00-08:00,12.15,46.91,12.57,13.99,5.46,62.87,0.0020833333333333333
2019-01-17 17:00:00-08:00,0.0,0.0,0.0,13.17,5.76,67.89,0.0075
2019-01-17 18:00:00-08:00,0.0,0.0,0.0,12.52,5.66,72.5,0.016666666666666666
2019-01-17 19:00:00-08:00,0.0,0.0,0.0,11.84,5.26,77.31,0.004166666666666667
2019-01-17 20:00:00-08:00,0.0,0.0,0.0,11.34,5.16,80.78,0.0004166666666666667
2019-01-17 21:00:00-08:00,0.0,0.0,0.0,10.73,4.96,84.5,0.0004166666666666667
2019-01-17 22:00:00-08:00,0.0,0.0,0.0,10.23,4.64,86.81,0.0008333333333333334
2019-01-17 23:00:00-08:00,0.0,0.0,0.0,9.63,4.46,88.36,0.0008333333333333334
2019-01-18 00:00:00-08:00,0.0,0.0,0.0,8.84,4.09,90.96,0.0008333333333333334
2019-01-18 01:00:00-08:00,0.0,0.0,0.0,8.84,4.02,89.01,0.0004166666666666667
2019-01-18 02:00:00-08:00,0.0,0.0,0.0,8.36,3.29,90.12,0.0004166666666666667
2019-01-18 03:00:00-08:00,0.0,0.0,0.0,7.05,2.61,95.93,0.0004166666666666667
2019-01-18 04:00:00-08:00,0.0,0.0,0.0,6.0,2.11,100.0,0.0
2019-01-18 05:00:00-08:00,0.0,0.0,0.0,5.44,1.66,100.0,0.0
2019-01-18 06:00:00-08:00,0.0,0.0,0.0,4.98,1.43,100.0,0.0
2019-01-18 07:00:00-08:00,80.35,526.34,19.7,7.47,1.57,85.58,0.0
2019-01-18 08:00:00-08:00,262.0,848.1,34.9,10.89,2.28,66.76,0.0
2019-01-18 09:00:00-08:00,420.5,952.54,42.04,13.79,3.37,50.68,0.0
2019-01-18 10:00:00-08:00,533.55,1005.96,45.83,15.0,4.07,43.54,0.0
2019-01-18 11:00:00-08:00,581.78,974.89,63.44,15.72,3.87,37.77,0.0
2019-01-18 12:00:00-08:00,540.72,945.12,65.79,16.3,3.72,32.34,0.0
2019-01-18 13:00:00-08:00,464.6,899.22,71.42,16.66,3.7,28.13,0.0
2019-01-18 14:00:00-08:00,356.8,824.07,53.55,16.45,3.68,26.44,0.0
2019-01-18 15:00:00-08:00,205.5,729.68,37.9,15.12,2.77,29.77,0.0
2019-01-18 16:00:00-08:00,38.95,299.8,16.2,10.64,1.4,47.92,0.0
2019-01-18 17:00:00-08:00,0.0,0.0,0.0,8.64,1.4,50.57,0.0
2019-01-18 18:00:00-08:00,0.0,0.0,0.0,7.81,1.38,50.99,0.0
2019-01-18 19:00:00-08:00,0.0,0.0,0.0,7.49,1.38,49.38,0.0
2019-01-18 20:00:00-08:00,0.0,0.0,0.0,7.43,1.38,47.11,0.0
2019-01-18 21:00:00-08:00,0.0,0.0,0.0,7.14,1.38,45.98,0.0
2019-01-18 22:00:00-08:00,0.0,0.0,0.0,6.83,1.38,44.99,0.0
2019-01-18 23:00:00-08:00,0.0,0.0,0.0,6.41,1.41,45.68,0.0
2019-01-19 00:00:00-08:00,0.0,0.0,0.0,6.1,1.44,46.19,0.0
2019-01-19 01:00:00-08:00,0.0,0.0,0.0,5.88,1.45,46.25,0.0
2019-01-19 02:00:00-08:00,0.0,0.0,0.0,5.68,1.43,46.25,0.0
2019-01-19 03:00:00-08:00,0.0,0.0,0.0,5.36,1.4,46.96,0.0
2019-01-19 04:00:00-08:00,0.0,0.0,0.0,4.87,1.42,48.24,0.0
2019-01-19 05:00:00-08:00,0.0,0.0,0.0,4.2,1.46,50.39,0.0
2019-01-19 06:00:00-08:00,0.0,0.0,0.0,3.58,1.48,52.29,0.0
2019-01-19 07:00:00-08:00,59.97,162.76,42.68,5.31,1.24,54.14,0.0
2019-01-19 08:00:00-08:00,220.12,362.93,124.98,8.83,2.56,36.95,0.0
2019-01-19 09:00:00-08:00,380.23,609.01,151.65,11.49,2.99,29.71,0.0
2019-01-19 10:00:00-08:00,503.05,757.37,150.45,13.24,3.12,27.17,0.0
2019-01-19 11:00:00-08:00,581.1,954.51,95.35,14.48,3.14,26.23,0.0
2019-01-19 12:00:00-08:00,568.67,934.69,78.86,15.21,3.09,26.31,0.0
2019-01-19 13:00:00-08:00,482.02,871.76,73.19,15.54,2.91,27.19,0.0
2019-01-19 14:00:00-08:00,361.88,778.98,71.94,15.44,2.54,28.89,0.0
2019-01-19 15:00:00-08:00,204.38,662.32,53.97,14.15,1.32,39.03,0.0
2019-01-19 16:00:00-08:00,39.28,248.05,21.69,11.62,0.63,44.62,0.0
2019-01-19 17:00:00-08:00,0.0,0.0,0.0,11.2,0.03,40.9,0.0
2019-01-19 18:00:00-08:00,0.0,0.0,0.0,10.29,0.67,42.62,0.0
2019-01-19 19:00:00-08:00,0.0,0.0,0.0,9.72,0.87,44.14,0.0
2019-01-19 20:00:00-08:00,0.0,0.0,0.0,9.49,0.92,45.07,0.0
2019-01-19 21:00:00-08:00,0.0,0.0,0.0,9.04,1.04,46.98,0.0
2019-01-19 22:00:00-08:00,0.0,0.0,0.0,8.53,1.15,48.9,0.0
2019-01-19 23:00:00-08:00,0.0,0.0,0.0,8.16,1.14,50.83,0.0
2019-01-20 00:00:00-08:00,0.0,0.0,0.0,7.57,1.17,53.48,0.0
2019-01-20 01:00:00-08:00,0.0,0.0,0.0,6.87,1.22,56.7,0.0
2019-01-20 02:00:00-08:00,0.0,0.0,0.0,6.04,1.3,60.65,0.0
2019-01-20 03:00:00-08:00,0.0,0.0,0.0,5.41,1.31,63.32,0.0
2019-01-20 04:00:00-08:00,0.0,0.0,0.0,5.08,1.26,64.59,0.0
2019-01-20 05:00:00-08:00,0.0,0.0,0.0,4.82,1.22,65.6,0.0
2019-01-20 06:00:00-08:00,0.0,0.0,0.0,4.59,1.17,66.29,0.0
2019-01-20 07:00:00-08:00,50.35,60.94,44.68,5.42,0.92,64.38,0.0
2019-01-20 08:00:00-08:00,179.4,81.65,143.66,7.86,1.55,54.83,0.0
2019-01-20 09:00:00-08:00,307.38,128.31,244.01,9.61,1.15,47.18,0.0
2019-01-20 10:00:00-08:00,398.8,148.93,329.2,11.46,0.13,42.34,0.0
2019-01-20 11:00:00-08:00,468.98,328.62,358.61,13.51,1.18,37.34,0.0
2019-01-20 12:00:00-08:00,472.33,257.95,329.7,15.46,2.0,32.86,0.0
2019-01-20 13:00:00-08:00,280.55,0.93,240.67,16.67,2.38,30.22,0.0
2019-01-20 14:00:00-08:00,202.45,0.37,175.87,16.73,2.34,30.69,0.0
2019-01-20 15:00:00-08:00,104.53,0.0,91.65,14.34,1.05,48.19,0.0
2019-01-20 16:00:00-08:00,20.55,0.0,20.55,11.43,1.19,53.87,0.0
2019-01-20 17:00:00-08:00,0.0,0.0,0.0,10.04,1.32,56.42,0.0
2019-01-20 18:00:00-08:00,0.0,0.0,0.0,9.49,1.48,58.49,0.0
2019-01-20 19:00:00-08:00,0.0,0.0,0.0,9.24,1.88,58.42,0.0
2019-01-20 20:00:00-08:00,0.0,0.0,0.0,8.43,2.34,59.64,0.0
2019-01-20 21:00:00-08:00,0.0,0.0,0.0,8.05,2.84,59.92,0.0
2019-01-20 22:00:00-08:00,0.0,0.0,0.0,8.2,3.44,59.16,0.0004166666666666667
2019-01-20 23:00:00-08:00,0.0,0.0,0.0,8.4,3.96,61.14,0.0016666666666666668
2019-01-21 00:00:00-08:00,0.0,0.0,0.0,8.48,4.24,69.17,0.012916666666666667
2019-01-21 01:00:00-08:00,0.0,0.0,0.0,8.54,4.71,79.47,0.016666666666666666
2019-01-21 02:00:00-08:00,0.0,0.0,0.0,8.68,5.94,82.89,0.0033333333333333335
2019-01-21 03:00:00-08:00,0.0,0.0,0.0,8.19,6.87,80.92,0.00125
2019-01-21 04:00:00-08:00,0.0,0.0,0.0,7.26,6.99,79.0,0.014583333333333332
2019-01-21 05:00:00-08:00,0.0,0.0,0.0,6.34,6.19,75.58,0.0016666666666666668
2019-01-21 06:00:00-08:00,0.0,0.0,0.0,5.52,5.53,63.91,0.0004166666666666667
2019-01-21 07:00:00-08:00,45.15,187.3,27.91,6.27,5.87,48.61,0.0004166666666666667
2019-01-21 08:00:00-08:00,123.0,237.82,63.0,8.42,6.33,36.33,0.0008333333333333334
2019-01-21 09:00:00-08:00,184.93,201.69,110.85,10.91,6.41,27.57,0.0020833333333333333
2019-01-21 10:00:00-08:00,248.88,139.86,181.53,12.89,5.88,24.09,0.0016666666666666668
2019-01-21 11:00:00-08:00,281.92,199.31,185.34,13.98,5.99,22.81,0.002916666666666667
2019-01-21 12:00:00-08:00,148.95,7.88,128.04,14.36,6.16,23.42,0.017916666666666668
2019-01-21 13:00:00-08:00,184.68,71.54,144.08,14.53,6.45,24.59,0.041666666666666664
2019-01-21 14:00:00-08:00,147.1,62.95,119.35,14.15,6.48,25.94,0.052083333333333336
2019-01-21 15:00:00-08:00,83.0,49.66,70.16,13.06,5.63,28.46,0.02291666666666667
2019-01-21 16:00:00-08:00,19.8,31.3,19.35,10.08,3.63,36.51,0.008333333333333333
2019-01-21 17:00:00-08:00,0.0,0.0,0.0,7.37,2.86,43.34,0.00125
2019-01-21 18:00:00-08:00,0.0,0.0,0.0,6.1,2.53,45.62,0.0
2019-01-21 19:00:00-08:00,0.0,0.0,0.0,5.47,2.51,46.71,0.0
2019-01-21 20:00:00-08:00,0.0,0.0,0.0,5.16,3.39,45.4,0.0
2019-01-21 21:00:00-08:00,0.0,0.0,0.0,5.45,5.29,41.55,0.0
2019-01-21 22:00:00-08:00,0.0,0.0,0.0,4.74,5.91,42.13,0.0
2019-01-21 23:00:00-08:00,0.0,0.0,0.0,4.0,6.17,42.58,0.0
2019-01-22 00:00:00-08:00,0.0,0.0,0.0,3.21,5.79,43.29,0.0
2019-01-22 01:00:00-08:00,0.0,0.0,0.0,2.62,5.38,43.33,0.0
2019-01-22 02:00:00-08:00,0.0,0.0,0.0,2.12,4.99,42.83,0.0
2019-01-22 03:00:00-08:00,0.0,0.0,0.0,1.6,4.81,42.74,0.0
2019-01-22 04:00:00-08:00,0.0,0.0,0.0,1.06,4.43,43.55,0.0
2019-01-22 05:00:00-08:00,0.0,0.0,0.0,0.55,3.98,44.99,0.0
2019-01-22 06:00:00-08:00,0.0,0.0,0.0,-0.03,3.43,46.98,0.0
2019-01-22 07:00:00-08:00,92.15,563.59,21.93,2.13,4.74,40.02,0.0
2019-01-22 08:00:00-08:00,277.3,851.85,43.59,4.69,6.0,33.26,0.0
2019-01-22 09:00:00-08:00,450.05,999.06,49.62,6.75,7.21,28.4,0.0
2019-01-22 10:00:00-08:00,570.78,1045.36,53.76,7.99,7.42,23.84,0.0
2019-01-22 11:00:00-08:00,634.08,1075.35,49.91,8.88,7.3,19.51,0.0
2019-01-22 12:00:00-08:00,625.38,1078.81,50.27,9.57,6.97,17.47,0.0
2019-01-22 13:00:00-08:00,553.8,1058.51,46.94,10.16,6.77,16.42,0.0
2019-01-22 14:00:00-08:00,420.25,969.12,45.67,10.37,6.23,16.31,0.0
2019-01-22 15:00:00-08:00,246.05,856.85,32.94,9.74,5.02,18.26,0.0
2019-01-22 16:00:00-08:00,56.25,399.52,15.22,5.75,2.36,31.86,0.0
2019-01-22 17:00:00-08:00,0.0,0.0,0.0,3.55,2.23,37.78,0.0
2019-01-22 18:00:00-08:00,0.0,0.0,0.0,2.89,2.32,38.82,0.0
2019-01-22 19:00:00-08:00,0.0,0.0,0.0,2.3,2.37,40.09,0.0
2019-01-22 20:00:00-08:00,0.0,0.0,0.0,1.77,2.29,42.09,0.0
2019-01-22 21:00:00-08:00,0.0,0.0,0.0,1.13,2.02,45.21,0.0
2019-01-22 22:00:00-08:00,0.0,0.0,0.0,0.68,1.91,46.93,0.0
2019-01-22 23:00:00-08:00,0.0,0.0,0.0,0.31,1.79,48.2,0.0
2019-01-23 00:00:00-08:00,0.0,0.0,0.0,0.05,1.67,48.87,0.0
2019-01-23 01:00:00-08:00,0.0,0.0,0.0,0.06,1.57,48.09,0.0
2019-01-23 02:00:00-08:00,0.0,0.0,0.0,0.21,1.53,46.83,0.0
2019-01-23 03:00:00-08:00,0.0,0.0,0.0,0.44,1.46,45.08,0.0
2019-01-23 04:00:00-08:00,0.0,0.0,0.0,0.27,1.44,44.67,0.0
2019-01-23 05:00:00-08:00,0.0,0.0,0.0,-0.21,1.47,46.37,0.0
2019-01-23 06:00:00-08:00,0.0,0.0,0.0,-0.28,1.45,46.41,0.0
2019-01-23 07:00:00-08:00,88.85,510.69,24.08,1.8,1.18,49.17,0.0
2019-01-23 08:00:00-08:00,273.75,854.28,41.59,4.89,2.03,31.31,0.0
2019-01-23 09:00:00-08:00,433.2,930.14,52.79,7.3,2.04,25.46,0.0
2019-01-23 10:00:00-08:00,540.67,967.93,65.94,9.41,1.66,21.67,0.0
2019-01-23 11:00:00-08:00,601.28,957.61,78.78,11.17,0.97,19.81,0.0
2019-01-23 12:00:00-08:00,600.4,975.58,68.19,12.71,0.4,18.79,0.0
2019-01-23 13:00:00-08:00,525.25,963.67,63.09,13.86,0.25,18.55,0.0
2019-01-23 14:00:00-08:00,400.12,879.34,63.27,14.28,0.29,19.23,0.0
2019-01-23 15:00:00-08:00,230.93,768.26,47.43,13.21,0.81,25.46,0.0
2019-01-23 16:00:00-08:00,52.25,366.28,20.21,8.87,1.03,43.06,0.0
2019-01-23 17:00:00-08:00,0.0,0.0,0.0,6.52,1.08,42.19,0.0
2019-01-23 18:00:00-08:00,0.0,0.0,0.0,5.5,0.95,45.28,0.0
2019-01-23 19:00:00-08:00,0.0,0.0,0.0,5.0,0.89,46.38,0.0
2019-01-23 20:00:00-08:00,0.0,0.0,0.0,4.88,0.91,46.96,0.0
2019-01-23 21:00:00-08:00,0.0,0.0,0.0,4.89,1.03,48.17,0.0
2019-01-23 22:00:00-08:00,0.0,0.0,0.0,4.64,1.21,50.11,0.0
2019-01-23 23:00:00-08:00,0.0,0.0,0.0,4.12,1.32,52.35,0.0
2019-01-24 00:00:00-08:00,0.0,0.0,0.0,3.83,1.36,53.23,0.0
2019-01-24 01:00:00-08:00,0.0,0.0,0.0,3.21,1.51,57.17,0.0
2019-01-24 02:00:00-08:00,0.0,0.0,0.0,2.57,1.65,64.91,0.0
2019-01-24 03:00:00-08:00,0.0,0.0,0.0,2.26,1.71,71.77,0.0
2019-01-24 04:00:00-08:00,0.0,0.0,0.0,2.06,1.74,77.03,0.0
2019-01-24 05:00:00-08:00,0.0,0.0,0.0,1.89,1.76,80.35,0.0
2019-01-24 06:00:00-08:00,0.0,0.0,0.0,1.74,1.79,81.91,0.0
2019-01-24 07:00:00-08:00,93.65,563.54,23.33,5.1,2.22,66.7,0.0
2019-01-24 08:00:00-08:00,277.08,825.38,48.87,9.11,4.34,51.62,0.0
2019-01-24 09:00:00-08:00,425.8,793.17,102.28,11.29,5.35,44.08,0.0
2019-01-24 10:00:00-08:00,561.62,1014.42,53.73,13.06,5.51,37.62,0.0
2019-01-24 11:00:00-08:00,625.3,1052.52,46.94,14.3,5.18,32.0,0.0
2019-01-24 12:00:00-08:00,613.92,1036.48,51.92,15.08,4.62,27.77,0.0
2019-01-24 13:00:00-08:00,544.22,1018.41,48.89,15.38,4.14,25.33,0.0
2019-01-24 14:00:00-08:00,418.8,958.78,45.76,15.24,3.5,24.6,0.0
2019-01-24 15:00:00-08:00,248.1,882.83,32.29,14.09,1.99,31.17,0.0
2019-01-24 16:00:00-08:00,59.58,430.15,16.91,11.3,1.01,39.11,0.0
2019-01-24 17:00:00-08:00,0.0,0.0,0.0,11.02,0.71,33.1,0.0
2019-01-24 18:00:00-08:00,0.0,0.0,0.0,10.2,0.85,33.76,0.0
2019-01-24 19:00:00-08:00,0.0,0.0,0.0,8.57,1.3,37.82,0.0
2019-01-24 20:00:00-08:00,0.0,0.0,0.0,6.7,1.57,42.68,0.0
2019-01-24 21:00:00-08:00,0.0,0.0,0.0,5.01,1.66,47.31,0.0
2019-01-24 22:00:00-08:00,0.0,0.0,0.0,4.12,1.67,49.63,0.0
2019-01-24 23:00:00-08:00,0.0,0.0,0.0,3.44,1.65,50.51,0.0
2019-01-25 00:00:00-08:00,0.0,0.0,0.0,2.69,1.68,51.84,0.0
2019-01-25 01:00:00-08:00,0.0,0.0,0.0,2.02,1.84,52.66,0.0
2019-01-25 02:00:00-08:00,0.0,0.0,0.0,1.68,2.02,52.85,0.0
2019-01-25 03:00:00-08:00,0.0,0.0,0.0,1.5,2.11,52.85,0.0
2019-01-25 04:00:00-08:00,0.0,0.0,0.0,1.29,2.04,53.2,0.0
2019-01-25 05:00:00-08:00,0.0,0.0,0.0,1.1,1.94,53.71,0.0
2019-01-25 06:00:00-08:00,0.0,0.0,0.0,1.05,1.87,53.67,0.0
2019-01-25 07:00:00-08:00,91.03,475.39,30.73,4.2,1.86,50.19,0.0
2019-01-25 08:00:00-08:00,277.2,759.13,58.97,8.67,3.64,35.02,0.0
2019-01-25 09:00:00-08:00,435.75,933.6,61.73,11.24,4.24,29.26,0.0
2019-01-25 10:00:00-08:00,546.22,928.03,87.04,12.85,4.09,25.4,0.0
2019-01-25 11:00:00-08:00,623.08,1025.46,60.4,14.25,3.82,22.53,0.0
2019-01-25 12:00:00-08:00,618.47,1024.01,58.65,15.53,3.39,20.21,0.0
2019-01-25 13:00:00-08:00,535.92,936.64,82.43,16.44,3.07,18.57,0.0
2019-01-25 14:00:00-08:00,415.58,895.94,68.18,16.65,2.81,18.24,0.0
2019-01-25 15:00:00-08:00,246.32,819.03,42.77,15.18,1.44,30.37,0.0
2019-01-25 16:00:00-08:00,59.3,387.39,20.22,12.35,1.05,33.48,0.0
2019-01-25 17:00:00-08:00,0.0,0.0,0.0,11.2,1.11,29.37,0.0
2019-01-25 18:00:00-08:00,0.0,0.0,0.0,9.42,1.39,34.12,0.0
2019-01-25 19:00:00-08:00,0.0,0.0,0.0,7.21,1.65,41.58,0.0
2019-01-25 20:00:00-08:00,0.0,0.0,0.0,6.04,1.79,44.29,0.0
2019-01-25 21:00:00-08:00,0.0,0.0,0.0,5.39,1.94,45.17,0.0
2019-01-25 22:00:00-08:00,0.0,0.0,0.0,4.88,2.09,45.6,0.0
2019-01-25 23:00:00-08:00,0.0,0.0,0.0,4.34,2.15,46.83,0.0
2019-01-26 00:00:00-08:00,0.0,0.0,0.0,3.75,2.16,48.07,0.0
2019-01-26 01:00:00-08:00,0.0,0.0,0.0,3.28,2.15,48.73,0.0
2019-01-26 02:00:00-08:00,0.0,0.0,0.0,3.04,2.21,48.58,0.0
2019-01-26 03:00:00-08:00,0.0,0.0,0.0,2.94,2.27,48.34,0.0
2019-01-26 04:00:00-08:00,0.0,0.0,0.0,2.91,2.39,48.27,0.0
2019-01-26 05:00:00-08:00,0.0,0.0,0.0,2.85,2.44,49.12,0.0
2019-01-26 06:00:00-08:00,0.0,0.0,0.0,2.87,2.45,50.1,0.0
2019-01-26 07:00:00-08:00,99.3,580.76,22.17,6.28,2.92,42.83,0.0
2019-01-26 08:00:00-08:00,288.58,876.78,38.33,10.08,4.29,32.73,0.0
2019-01-26 09:00:00-08:00,452.05,999.96,44.26,12.9,5.61,26.96,0.0
2019-01-26 10:00:00-08:00,569.72,1015.21,54.99,14.36,6.36,23.4,0.0
2019-01-26 11:00:00-08:00,630.62,1044.54,50.43,15.17,6.5,21.14,0.0
2019-01-26 12:00:00-08:00,618.22,1044.58,48.41,15.84,6.41,19.47,0.0
2019-01-26 13:00:00-08:00,538.38,953.91,69.38,16.49,6.15,18.1,0.0
2019-01-26 14:00:00-08:00,395.48,780.34,97.41,16.9,5.43,17.7,0.0
2019-01-26 15:00:00-08:00,224.77,638.61,86.93,16.04,3.22,22.73,0.0
2019-01-26 16:00:00-08:00,48.47,163.83,38.57,11.39,1.6,38.69,0.0
2019-01-26 17:00:00-08:00,0.0,0.0,0.0,9.47,1.78,40.07,0.0
2019-01-26 18:00:00-08:00,0.0,0.0,0.0,8.89,1.9,41.02,0.0
2019-01-26 19:00:00-08:00,0.0,0.0,0.0,8.29,1.94,42.89,0.0
2019-01-26 20:00:00-08:00,0.0,0.0,0.0,7.41,1.89,46.01,0.0
2019-01-26 21:00:00-08:00,0.0,0.0,0.0,6.53,1.87,48.9,0.0
2019-01-26 22:00:00-08:00,0.0,0.0,0.0,6.03,1.86,50.77,0.0
2019-01-26 23:00:00-08:00,0.0,0.0,0.0,5.89,1.92,51.91,0.0
2019-01-27 00:00:00-08:00,0.0,0.0,0.0,5.53,2.03,52.88,0.0
2019-01-27 01:00:00-08:00,0.0,0.0,0.0,5.63,1.94,53.66,0.0
2019-01-27 02:00:00-08:00,0.0,0.0,0.0,5.55,1.71,55.08,0.0
2019-01-27 03:00:00-08:00,0.0,0.0,0.0,5.2,1.57,56.58,0.0
2019-01-27 04:00:00-08:00,0.0,0.0,0.0,4.65,1.51,56.65,0.0
2019-01-27 05:00:00-08:00,0.0,0.0,0.0,4.99,1.49,53.77,0.0
2019-01-27 06:00:00-08:00,0.0,0.0,0.0,5.56,1.42,51.5,0.0
2019-01-27 07:00:00-08:00,74.62,187.27,52.99,7.41,1.08,53.66,0.0
2019-01-27 08:00:00-08:00,248.05,494.08,117.88,10.32,2.23,39.04,0.0
2019-01-27 09:00:00-08:00,415.33,747.26,115.57,12.0,2.09,34.15,0.0
2019-01-27 10:00:00-08:00,523.83,905.27,79.59,14.42,1.97,30.05,0.0
2019-01-27 11:00:00-08:00,620.9,1022.06,55.32,16.5,2.12,27.31,0.0
2019-01-27 12:00:00-08:00,591.7,873.39,122.11,17.89,1.99,25.63,0.0
2019-01-27 13:00:00-08:00,525.95,808.96,162.96,18.79,1.48,24.6,0.0
2019-01-27 14:00:00-08:00,387.95,709.67,120.27,19.1,1.07,24.31,0.0
2019-01-27 15:00:00-08:00,231.88,644.39,77.63,18.18,0.78,30.53,0.0
2019-01-27 16:00:00-08:00,59.78,283.11,31.16,14.74,0.96,40.92,0.0
2019-01-27 17:00:00-08:00,0.0,0.0,0.0,13.21,0.94,39.0,0.0
2019-01-27 18:00:00-08:00,0.0,0.0,0.0,12.4,0.68,40.41,0.0
2019-01-27 19:00:00-08:00,0.0,0.0,0.0,12.1,0.45,41.22,0.0
2019-01-27 20:00:00-08:00,0.0,0.0,0.0,11.94,0.39,41.14,0.0
2019-01-27 21:00:00-08:00,0.0,0.0,0.0,11.49,0.69,41.5,0.0
2019-01-27 22:00:00-08:00,0.0,0.0,0.0,10.93,1.02,42.61,0.0
2019-01-27 23:00:00-08:00,0.0,0.0,0.0,9.71,1.34,46.34,0.0
2019-01-28 00:00:00-08:00,0.0,0.0,0.0,8.59,1.5,50.1,0.0
2019-01-28 01:00:00-08:00,0.0,0.0,0.0,7.73,1.56,52.68,0.0
2019-01-28 02:00:00-08:00,0.0,0.0,0.0,6.97,1.59,54.58,0.0
2019-01-28 03:00:00-08:00,0.0,0.0,0.0,6.11,1.63,56.95,0.0
2019-01-28 04:00:00-08:00,0.0,0.0,0.0,5.22,1.67,59.57,0.0
2019-01-28 05:00:00-08:00,0.0,0.0,0.0,4.49,1.74,61.47,0.0
2019-01-28 06:00:00-08:00,0.0,0.0,0.0,4.21,1.84,62.19,0.0
2019-01-28 07:00:00-08:00,101.93,550.8,25.28,7.15,2.46,54.15,0.0
2019-01-28 08:00:00-08:00,290.27,866.08,41.85,10.57,4.01,42.53,0.0
2019-01-28 09:00:00-08:00,454.65,973.26,50.97,13.92,4.48,33.1,0.0
2019-01-28 10:00:00-08:00,572.0,985.42,60.66,16.31,4.94,27.09,0.0
2019-01-28 11:00:00-08:00,625.97,974.03,74.27,17.74,4.92,24.36,0.0
2019-01-28 12:00:00-08:00,615.92,958.76,81.2,18.61,4.7,22.91,0.0
2019-01-28 13:00:00-08:00,485.98,606.46,189.15,19.12,4.59,21.77,0.0
2019-01-28 14:00:00-08:00,347.55,410.94,184.49,18.69,4.02,22.08,0.0
2019-01-28 15:00:00-08:00,197.65,271.97,124.48,16.77,1.67,34.6,0.0
2019-01-28 16:00:00-08:00,42.78,72.3,39.69,14.41,1.2,42.35,0.0
2019-01-28 17:00:00-08:00,0.0,0.0,0.0,13.46,1.37,41.27,0.0
2019-01-28 18:00:00-08:00,0.0,0.0,0.0,12.43,1.48,42.81,0.0
2019-01-28 19:00:00-08:00,0.0,0.0,0.0,10.78,1.65,42.91,0.0
2019-01-28 20:00:00-08:00,0.0,0.0,0.0,9.44,1.74,43.92,0.0
2019-01-28 21:00:00-08:00,0.0,0.0,0.0,8.35,1.78,44.97,0.0
2019-01-28 22:00:00-08:00,0.0,0.0,0.0,7.28,1.61,47.49,0.0
2019-01-28 23:00:00-08:00,0.0,0.0,0.0,7.22,1.53,47.98,0.0
2019-01-29 00:00:00-08:00,0.0,0.0,0.0,7.16,1.51,47.57,0.0
2019-01-29 01:00:00-08:00,0.0,0.0,0.0,7.22,1.49,47.36,0.0
2019-01-29 02:00:00-08:00,0.0,0.0,0.0,6.57,1.5,48.42,0.0
2019-01-29 03:00:00-08:00,0.0,0.0,0.0,5.8,1.5,49.75,0.0
2019-01-29 04:00:00-08:00,0.0,0.0,0.0,6.14,1.41,50.95,0.0
2019-01-29 05:00:00-08:00,0.0,0.0,0.0,6.05,1.35,52.85,0.0
2019-01-29 06:00:00-08:00,0.0,0.0,0.0,5.88,1.29,54.29,0.0
2019-01-29 07:00:00-08:00,57.1,38.41,48.27,6.76,1.22,53.83,0.0
2019-01-29 08:00:00-08:00,177.7,100.04,141.72,8.55,2.12,44.57,0.0
2019-01-29 09:00:00-08:00,307.08,123.97,241.98,10.01,2.88,35.54,0.0
2019-01-29 10:00:00-08:00,389.92,172.33,272.38,12.38,3.04,29.01,0.0
2019-01-29 11:00:00-08:00,542.8,553.0,213.35,15.97,2.94,21.32,0.0
2019-01-29 12:00:00-08:00,582.45,786.72,139.45,17.64,2.94,18.64,0.0
2019-01-29 13:00:00-08:00,446.35,386.05,249.87,17.7,2.84,18.84,0.0
2019-01-29 14:00:00-08:00,320.0,321.49,203.08,17.58,2.63,19.49,0.0
2019-01-29 15:00:00-08:00,178.57,175.0,129.98,16.46,1.56,27.12,0.0
2019-01-29 16:00:00-08:00,42.6,56.38,38.69,14.03,0.72,37.27,0.0
2019-01-29 17:00:00-08:00,0.0,0.0,0.0,13.6,0.53,31.56,0.0
2019-01-29 18:00:00-08:00,0.0,0.0,0.0,12.72,0.95,33.33,0.0
2019-01-29 19:00:00-08:00,0.0,0.0,0.0,11.69,1.19,37.19,0.0
2019-01-29 20:00:00-08:00,0.0,0.0,0.0,11.19,1.26,38.56,0.0
2019-01-29 21:00:00-08:00,0.0,0.0,0.0,10.65,1.3,39.74,0.0
2019-01-29 22:00:00-08:00,0.0,0.0,0.0,9.12,1.44,44.93,0.0
2019-01-29 23:00:00-08:00,0.0,0.0,0.0,7.49,1.58,50.07,0.0
2019-01-30 00:00:00-08:00,0.0,0.0,0.0,6.48,1.78,53.85,0.0
2019-01-30 01:00:00-08:00,0.0,0.0,0.0,5.83,2.03,56.01,0.0
2019-01-30 02:00:00-08:00,0.0,0.0,0.0,5.37,2.31,56.16,0.0
2019-01-30 03:00:00-08:00,0.0,0.0,0.0,4.98,2.55,53.43,0.0
2019-01-30 04:00:00-08:00,0.0,0.0,0.0,4.57,2.61,49.53,0.0
2019-01-30 05:00:00-08:00,0.0,0.0,0.0,4.11,2.45,47.73,0.0
2019-01-30 06:00:00-08:00,0.0,0.0,0.0,3.9,2.24,46.8,0.0
2019-01-30 07:00:00-08:00,102.35,498.75,30.42,7.03,3.28,37.07,0.0
2019-01-30 08:00:00-08:00,283.25,776.79,51.78,9.83,4.2,28.09,0.0
2019-01-30 09:00:00-08:00,447.58,909.64,63.77,12.38,4.11,24.03,0.0
2019-01-30 10:00:00-08:00,563.47,938.35,70.88,14.53,3.9,21.97,0.0
2019-01-30 11:00:00-08:00,620.7,908.42,98.92,15.99,3.66,20.48,0.0
2019-01-30 12:00:00-08:00,606.03,885.1,147.44,16.84,3.27,19.62,0.0
2019-01-30 13:00:00-08:00,502.25,719.29,160.22,17.17,2.91,19.43,0.0
2019-01-30 14:00:00-08:00,373.8,546.8,161.17,16.92,2.43,20.04,0.0
2019-01-30 15:00:00-08:00,210.48,333.75,127.4,15.65,1.18,30.33,0.0
2019-01-30 16:00:00-08:00,51.47,106.14,40.68,13.52,0.58,35.47,0.0
2019-01-30 17:00:00-08:00,0.0,0.0,0.0,13.06,0.08,29.04,0.0
2019-01-30 18:00:00-08:00,0.0,0.0,0.0,12.01,0.65,29.32,0.0
2019-01-30 19:00:00-08:00,0.0,0.0,0.0,11.18,0.94,30.87,0.0
2019-01-30 20:00:00-08:00,0.0,0.0,0.0,10.94,0.92,30.34,0.0
2019-01-30 21:00:00-08:00,0.0,0.0,0.0,10.7,0.87,30.95,0.0
2019-01-30 22:00:00-08:00,0.0,0.0,0.0,10.27,0.87,31.85,0.0
2019-01-30 23:00:00-08:00,0.0,0.0,0.0,9.44,1.0,33.67,0.0
2019-01-31 00:00:00-08:00,0.0,0.0,0.0,8.59,1.12,35.41,0.0
2019-01-31 01:00:00-08:00,0.0,0.0,0.0,7.43,1.32,39.05,0.0
2019-01-31 02:00:00-08:00,0.0,0.0,0.0,6.32,1.45,42.92,0.0
2019-01-31 03:00:00-08:00,0.0,0.0,0.0,5.52,1.48,45.53,0.0
2019-01-31 04:00:00-08:00,0.0,0.0,0.0,4.88,1.48,47.78,0.0
2019-01-31 05:00:00-08:00,0.0,0.0,0.0,4.45,1.47,48.72,0.0
2019-01-31 06:00:00-08:00,0.0,0.0,0.0,4.27,1.47,48.99,0.0
2019-01-31 07:00:00-08:00,84.4,326.84,35.87,7.03,1.7,45.22,0.0
2019-01-31 08:00:00-08:00,203.82,424.67,88.91,10.19,3.2,30.15,0.0
2019-01-31 09:00:00-08:00,320.62,371.18,172.0,12.74,2.56,24.76,0.0
2019-01-31 10:00:00-08:00,400.67,263.01,256.71,15.24,1.81,21.74,0.0
2019-01-31 11:00:00-08:00,478.95,311.56,279.64,16.7,1.47,21.75,0.0
2019-01-31 12:00:00-08:00,430.08,238.01,287.19,17.45,1.17,22.97,0.0
2019-01-31 13:00:00-08:00,347.83,175.43,241.78,17.57,1.26,25.08,0.0
2019-01-31 14:00:00-08:00,256.77,116.29,204.7,17.02,1.43,28.49,0.0
2019-01-31 15:00:00-08:00,141.68,80.64,110.71,15.5,0.65,44.36,0.0
2019-01-31 16:00:00-08:00,57.95,196.23,37.84,14.51,0.52,41.89,0.0
2019-01-31 17:00:00-08:00,0.0,0.0,0.0,14.04,0.3,41.06,0.0
2019-01-31 18:00:00-08:00,0.0,0.0,0.0,13.62,0.07,42.21,0.0
2019-01-31 19:00:00-08:00,0.0,0.0,0.0,13.09,0.12,43.51,0.0
2019-01-31 20:00:00-08:00,0.0,0.0,0.0,12.34,0.31,45.3,0.0
2019-01-31 21:00:00-08:00,0.0,0.0,0.0,11.36,0.54,46.9,0.0
2019-01-31 22:00:00-08:00,0.0,0.0,0.0,10.52,0.79,48.09,0.0
2019-01-31 23:00:00-08:00,0.0,0.0,0.0,9.4,1.04,50.71,0.0
2019-02-01 00:00:00-08:00,0.0,0.0,0.0,8.22,1.23,53.84,0.0
2019-02-01 01:00:00-08:00,0.0,0.0,0.0,7.74,1.24,54.07,0.0
2019-02-01 02:00:00-08:00,0.0,0.0,0.0,7.69,1.18,52.69,0.0
2019-02-01 03:00:00-08:00,0.0,0.0,0.0,7.51,1.18,52.05,0.0
2019-02-01 04:00:00-08:00,0.0,0.0,0.0,7.38,1.18,51.36,0.0
2019-02-01 05:00:00-08:00,0.0,0.0,0.0,7.35,1.16,50.76,0.0
2019-02-01 06:00:00-08:00,0.0,0.0,0.0,7.32,1.15,50.31,0.0
2019-02-01 07:00:00-08:00,104.4,472.78,33.68,8.93,1.03,53.32,0.0
2019-02-01 08:00:00-08:00,287.42,737.69,63.05,11.97,2.21,41.94,0.0
2019-02-01 09:00:00-08:00,446.2,815.67,85.54,14.67,1.66,38.66,0.0
2019-02-01 10:00:00-08:00,568.28,860.31,106.2,17.04,2.43,35.36,0.0
2019-02-01 11:00:00-08:00,612.9,803.07,151.83,18.24,2.88,34.53,0.0
2019-02-01 12:00:00-08:00,630.97,1094.64,81.86,19.0,3.23,34.57,0.0
2019-02-01 13:00:00-08:00,542.78,844.84,109.02,19.47,3.51,34.92,0.0
2019-02-01 14:00:00-08:00,398.62,654.83,130.31,19.31,3.71,36.31,0.0
2019-02-01 15:00:00-08:00,221.52,406.89,116.4,18.4,3.37,39.54,0.0
2019-02-01 16:00:00-08:00,57.22,167.56,39.52,14.81,1.5,55.39,0.0
2019-02-01 17:00:00-08:00,0.0,0.0,0.0,12.93,1.43,61.73,0.0
2019-02-01 18:00:00-08:00,0.0,0.0,0.0,12.18,1.36,64.88,0.0
2019-02-01 19:00:00-08:00,0.0,0.0,0.0,10.88,1.35,69.81,0.0
2019-02-01 20:00:00-08:00,0.0,0.0,0.0,9.78,1.36,75.14,0.0
2019-02-01 21:00:00-08:00,0.0,0.0,0.0,9.22,1.34,78.38,0.0
2019-02-01 22:00:00-08:00,0.0,0.0,0.0,9.18,1.32,79.08,0.0
2019-02-01 23:00:00-08:00,0.0,0.0,0.0,9.39,1.35,78.84,0.0
2019-02-02 00:00:00-08:00,0.0,0.0,0.0,9.6,1.38,78.94,0.0004166666666666667
2019-02-02 01:00:00-08:00,0.0,0.0,0.0,9.42,1.39,81.51,0.0004166666666666667
2019-02-02 02:00:00-08:00,0.0,0.0,0.0,9.48,1.44,82.41,0.00375
2019-02-02 03:00:00-08:00,0.0,0.0,0.0,9.53,1.6,83.48,0.014166666666666668
2019-02-02 04:00:00-08:00,0.0,0.0,0.0,9.32,1.63,85.93,0.3620833333333333
2019-02-02 05:00:00-08:00,0.0,0.0,0.0,9.11,1.71,88.07,0.19458333333333333
2019-02-02 06:00:00-08:00,0.0,0.0,0.0,8.85,1.66,90.17,0.09333333333333334
2019-02-02 07:00:00-08:00,20.7,0.0,18.09,10.72,3.0,80.59,0.05958333333333333
2019-02-02 08:00:00-08:00,53.42,17.35,45.06,12.5,5.6,70.43,0.04666666666666667
2019-02-02 09:00:00-08:00,129.2,7.8,110.71,14.05,6.99,60.13,0.03375
2019-02-02 10:00:00-08:00,162.57,13.96,138.99,15.59,7.46,52.56,0.027083333333333334
2019-02-02 11:00:00-08:00,151.07,91.91,106.22,16.55,7.77,49.29,0.02625
2019-02-02 12:00:00-08:00,125.3,76.84,87.07,16.9,8.16,48.73,0.02125
2019-02-02 13:00:00-08:00,90.5,0.0,78.8,16.56,8.85,51.11,0.010416666666666666
2019-02-02 14:00:00-08:00,88.47,9.26,73.99,15.97,9.18,53.93,0.008333333333333333
2019-02-02 15:00:00-08:00,63.75,12.42,54.26,15.19,8.69,57.09,0.03125
2019-02-02 16:00:00-08:00,24.8,11.75,22.31,13.95,7.3,63.96,0.13291666666666666
2019-02-02 17:00:00-08:00,0.0,0.0,0.0,13.16,6.52,69.74,0.4816666666666667
2019-02-02 18:00:00-08:00,0.0,0.0,0.0,12.85,6.51,74.56,1.3016666666666665
2019-02-02 19:00:00-08:00,0.0,0.0,0.0,12.63,6.69,79.59,3.1129166666666666
2019-02-02 20:00:00-08:00,0.0,0.0,0.0,12.18,6.29,81.78,2.98875
2019-02-02 21:00:00-08:00,0.0,0.0,0.0,11.34,5.27,83.25,1.095
2019-02-02 22:00:00-08:00,0.0,0.0,0.0,9.92,4.57,85.13,0.41250000000000003
2019-02-02 23:00:00-08:00,0.0,0.0,0.0,8.48,4.13,85.88,0.06416666666666666
2019-02-03 00:00:00-08:00,0.0,0.0,0.0,7.04,3.66,87.47,0.01625
2019-02-03 01:00:00-08:00,0.0,0.0,0.0,5.95,3.07,88.66,0.009166666666666667
2019-02-03 02:00:00-08:00,0.0,0.0,0.0,5.25,2.53,90.3,0.006666666666666667
2019-02-03 03:00:00-08:00,0.0,0.0,0.0,4.83,2.29,91.83,0.005833333333333334
2019-02-03 04:00:00-08:00,0.0,0.0,0.0,4.52,2.21,93.57,0.0
2019-02-03 05:00:00-08:00,0.0,0.0,0.0,4.33,2.23,94.17,0.0
2019-02-03 06:00:00-08:00,0.0,0.0,0.0,4.47,2.32,92.08,0.0
2019-02-03 07:00:00-08:00,92.25,424.77,33.95,7.37,3.96,76.94,0.0
2019-02-03 08:00:00-08:00,249.02,643.43,70.91,9.99,5.5,63.49,0.0004166666666666667
2019-02-03 09:00:00-08:00,382.45,677.83,93.69,12.23,6.38,51.91,0.00125
2019-02-03 10:00:00-08:00,488.17,765.96,106.63,13.62,6.4,46.71,0.00125
2019-02-03 11:00:00-08:00,550.08,568.77,251.3,14.63,6.44,43.71,0.00125
2019-02-03 12:00:00-08:00,480.05,562.02,181.94,15.33,6.56,41.98,0.0016666666666666668
2019-02-03 13:00:00-08:00,375.62,408.91,183.42,15.6,6.69,41.65,0.0016666666666666668
2019-02-03 14:00:00-08:00,275.33,545.29,95.58,15.32,6.64,42.99,0.00125
2019-02-03 15:00:00-08:00,167.1,370.23,69.31,14.42,6.21,46.19,0.0008333333333333334
2019-02-03 16:00:00-08:00,50.22,198.91,28.32,12.24,4.48,54.82,0.0004166666666666667
2019-02-03 17:00:00-08:00,0.0,0.0,0.0,9.69,2.92,66.34,0.0004166666666666667
2019-02-03 18:00:00-08:00,0.0,0.0,0.0,8.85,2.87,69.98,0.0004166666666666667
2019-02-03 19:00:00-08:00,0.0,0.0,0.0,8.18,2.76,73.39,0.0
2019-02-03 20:00:00-08:00,0.0,0.0,0.0,7.61,2.53,76.87,0.0004166666666666667
2019-02-03 21:00:00-08:00,0.0,0.0,0.0,7.09,2.36,79.95,0.0
2019-02-03 22:00:00-08:00,0.0,0.0,0.0,6.73,2.25,82.22,0.0
2019-02-03 23:00:00-08:00,0.0,0.0,0.0,6.41,2.08,83.89,0.0
2019-02-04 00:00:00-08:00,0.0,0.0,0.0,6.12,1.93,85.41,0.0
2019-02-04 01:00:00-08:00,0.0,0.0,0.0,6.31,1.91,84.13,0.0004166666666666667
2019-02-04 02:00:00-08:00,0.0,0.0,0.0,6.34,1.79,83.91,0.0008333333333333334
2019-02-04 03:00:00-08:00,0.0,0.0,0.0,6.16,1.74,85.06,0.00125
2019-02-04 04:00:00-08:00,0.0,0.0,0.0,6.1,1.84,85.86,0.07125
2019-02-04 05:00:00-08:00,0.0,0.0,0.0,6.16,2.03,86.0,0.06833333333333333
2019-02-04 06:00:00-08:00,0.0,0.0,0.0,6.27,2.15,85.99,0.03916666666666666
2019-02-04 07:00:00-08:00,54.47,115.05,37.67,8.35,3.3,76.49,0.0325
2019-02-04 08:00:00-08:00,161.98,219.11,98.2,10.52,5.16,66.45,0.09916666666666667
2019-02-04 09:00:00-08:00,270.75,358.35,134.61,12.1,6.39,56.17,0.16
2019-02-04 10:00:00-08:00,312.85,392.55,146.38,13.06,7.0,49.4,0.12916666666666668
2019-02-04 11:00:00-08:00,370.85,605.91,127.44,13.82,7.36,45.57,0.10416666666666667
2019-02-04 12:00:00-08:00,255.1,209.6,150.81,14.26,7.69,43.97,0.09333333333333334
2019-02-04 13:00:00-08:00,199.05,68.45,153.82,14.1,7.93,44.49,0.12333333333333334
2019-02-04 14:00:00-08:00,151.52,127.1,105.85,13.73,7.85,46.21,0.08750000000000001
2019-02-04 15:00:00-08:00,97.72,126.17,68.4,12.99,7.32,49.87,0.05625
2019-02-04 16:00:00-08:00,33.17,86.47,23.62,11.43,5.98,57.77,0.09541666666666666
2019-02-04 17:00:00-08:00,0.0,0.0,0.0,9.88,5.07,67.46,0.22375
2019-02-04 18:00:00-08:00,0.0,0.0,0.0,9.22,5.17,73.96,0.28791666666666665
2019-02-04 19:00:00-08:00,0.0,0.0,0.0,8.71,4.86,79.46,0.14041666666666666
2019-02-04 20:00:00-08:00,0.0,0.0,0.0,8.24,4.58,83.67,0.11416666666666668
2019-02-04 21:00:00-08:00,0.0,0.0,0.0,8.07,4.93,83.68,0.12041666666666667
2019-02-04 22:00:00-08:00,0.0,0.0,0.0,7.4,4.6,85.02,0.1575
2019-02-04 23:00:00-08:00,0.0,0.0,0.0,6.55,4.13,87.09,0.155
2019-02-05 00:00:00-08:00,0.0,0.0,0.0,5.78,3.79,88.32,0.12208333333333334
2019-02-05 01:00:00-08:00,0.0,0.0,0.0,5.14,3.51,89.0,0.10375000000000001
2019-02-05 02:00:00-08:00,0.0,0.0,0.0,4.84,3.58,87.96,0.07458333333333333
2019-02-05 03:00:00-08:00,0.0,0.0,0.0,4.77,3.77,86.17,0.06958333333333333
2019-02-05 04:00:00-08:00,0.0,0.0,0.0,4.45,3.55,86.9,0.19041666666666668
2019-02-05 05:00:00-08:00,0.0,0.0,0.0,4.12,3.3,89.69,0.15666666666666665
2019-02-05 06:00:00-08:00,0.0,0.0,0.0,4.3,3.54,89.7,0.16416666666666666
2019-02-05 07:00:00-08:00,76.78,323.83,36.1,6.51,5.06,77.44,0.2504166666666667
2019-02-05 08:00:00-08:00,190.25,423.47,80.97,8.09,7.16,62.96,0.29541666666666666
2019-02-05 09:00:00-08:00,287.12,441.38,118.73,9.23,7.91,51.83,0.17500000000000002
2019-02-05 10:00:00-08:00,353.95,373.22,192.4,9.98,8.12,46.5,0.19416666666666668
2019-02-05 11:00:00-08:00,327.08,275.11,196.75,10.43,8.18,44.04,0.22416666666666665
2019-02-05 12:00:00-08:00,336.98,275.13,191.7,10.81,8.22,42.89,0.29833333333333334
2019-02-05 13:00:00-08:00,330.83,433.62,140.8,10.9,8.26,41.92,0.2558333333333333
2019-02-05 14:00:00-08:00,294.17,517.59,104.96,10.61,8.07,42.61,0.3675
2019-02-05 15:00:00-08:00,183.07,468.6,74.1,9.89,7.25,45.92,0.38375000000000004
2019-02-05 16:00:00-08:00,65.22,313.47,31.59,8.19,5.16,54.92,0.23708333333333334
2019-02-05 17:00:00-08:00,0.0,0.0,0.0,6.09,3.53,66.14,0.15625
2019-02-05 18:00:00-08:00,0.0,0.0,0.0,5.12,3.27,68.63,0.08333333333333333
2019-02-05 19:00:00-08:00,0.0,0.0,0.0,4.43,3.27,66.76,0.047499999999999994
2019-02-05 20:00:00-08:00,0.0,0.0,0.0,3.83,3.46,64.51,0.024999999999999998
2019-02-05 21:00:00-08:00,0.0,0.0,0.0,3.1,3.51,64.64,0.008749999999999999
2019-02-05 22:00:00-08:00,0.0,0.0,0.0,2.28,3.39,66.89,0.002916666666666667
2019-02-05 23:00:00-08:00,0.0,0.0,0.0,1.54,3.4,69.67,0.0016666666666666668
2019-02-06 00:00:00-08:00,0.0,0.0,0.0,0.97,3.64,71.25,0.0016666666666666668
2019-02-06 01:00:00-08:00,0.0,0.0,0.0,0.31,3.48,71.92,0.00125
2019-02-06 02:00:00-08:00,0.0,0.0,0.0,-0.28,3.17,70.61,0.0004166666666666667
2019-02-06 03:00:00-08:00,0.0,0.0,0.0,-0.35,2.76,67.8,0.00125
2019-02-06 04:00:00-08:00,0.0,0.0,0.0,-1.25,2.3,69.3,0.0
2019-02-06 05:00:00-08:00,0.0,0.0,0.0,-1.76,2.39,66.74,0.0
2019-02-06 06:00:00-08:00,0.0,0.0,0.0,-1.76,2.31,61.46,0.0
2019-02-06 07:00:00-08:00,122.05,545.09,36.22,1.82,3.53,44.07,0.0
2019-02-06 08:00:00-08:00,295.73,806.44,57.1,4.96,4.9,33.1,0.0
2019-02-06 09:00:00-08:00,446.67,857.66,80.3,6.65,5.65,28.39,0.0
2019-02-06 10:00:00-08:00,566.3,917.85,99.38,7.59,5.86,24.9,0.0
2019-02-06 11:00:00-08:00,622.72,711.07,196.77,8.19,6.02,22.39,0.0
2019-02-06 12:00:00-08:00,655.15,949.13,127.02,8.45,6.05,20.64,0.0
2019-02-06 13:00:00-08:00,551.08,748.44,164.74,8.52,5.75,19.46,0.0
2019-02-06 14:00:00-08:00,410.3,786.38,95.25,8.35,5.34,18.88,0.0
2019-02-06 15:00:00-08:00,266.8,738.44,73.38,7.72,4.79,19.72,0.0
2019-02-06 16:00:00-08:00,89.7,429.65,33.72,5.32,2.54,29.97,0.0
2019-02-06 17:00:00-08:00,0.0,0.0,0.0,2.33,1.57,43.01,0.0
2019-02-06 18:00:00-08:00,0.0,0.0,0.0,1.6,1.57,44.27,0.0
2019-02-06 19:00:00-08:00,0.0,0.0,0.0,0.98,1.72,44.97,0.0
2019-02-06 20:00:00-08:00,0.0,0.0,0.0,0.52,1.93,45.35,0.0
2019-02-06 21:00:00-08:00,0.0,0.0,0.0,-0.14,1.95,47.43,0.0
2019-02-06 22:00:00-08:00,0.0,0.0,0.0,-0.91,1.79,50.33,0.0
2019-02-06 23:00:00-08:00,0.0,0.0,0.0,-1.51,1.63,52.4,0.0
2019-02-07 00:00:00-08:00,0.0,0.0,0.0,-2.02,1.6,53.27,0.0
2019-02-07 01:00:00-08:00,0.0,0.0,0.0,-2.27,1.55,52.06,0.0
2019-02-07 02:00:00-08:00,0.0,0.0,0.0,-2.07,1.5,47.99,0.0
2019-02-07 03:00:00-08:00,0.0,0.0,0.0,-1.77,1.41,44.24,0.0
2019-02-07 04:00:00-08:00,0.0,0.0,0.0,-2.02,1.43,44.32,0.0
2019-02-07 05:00:00-08:00,0.0,0.0,0.0,-2.2,1.41,45.02,0.0
2019-02-07 06:00:00-08:00,0.0,0.0,0.0,-2.07,1.33,45.45,0.0
2019-02-07 07:00:00-08:00,140.88,644.38,31.36,0.66,1.52,44.05,0.0
2019-02-07 08:00:00-08:00,339.0,966.48,43.86,3.35,2.65,26.66,0.0
2019-02-07 09:00:00-08:00,520.25,1010.81,64.01,4.89,2.61,22.54,0.0
2019-02-07 10:00:00-08:00,642.12,1053.84,58.54,6.1,2.29,20.56,0.0
2019-02-07 11:00:00-08:00,697.5,1027.18,85.02,7.12,2.0,19.16,0.0
2019-02-07 12:00:00-08:00,689.05,1048.88,67.35,7.88,1.77,18.03,0.0
2019-02-07 13:00:00-08:00,625.35,1050.51,61.45,8.29,1.85,17.38,0.0
2019-02-07 14:00:00-08:00,493.65,995.35,53.91,8.18,2.06,17.5,0.0
2019-02-07 15:00:00-08:00,315.55,880.35,46.71,7.44,2.04,18.55,0.0
2019-02-07 16:00:00-08:00,114.18,583.43,25.89,4.73,0.96,36.27,0.0
2019-02-07 17:00:00-08:00,0.0,0.0,0.0,2.95,0.9,34.74,0.0
2019-02-07 18:00:00-08:00,0.0,0.0,0.0,2.97,0.63,31.12,0.0
2019-02-07 19:00:00-08:00,0.0,0.0,0.0,2.79,0.55,30.51,0.0
2019-02-07 20:00:00-08:00,0.0,0.0,0.0,2.41,0.86,31.14,0.0
2019-02-07 21:00:00-08:00,0.0,0.0,0.0,1.51,1.14,33.87,0.0
2019-02-07 22:00:00-08:00,0.0,0.0,0.0,0.7,1.29,38.23,0.0
2019-02-07 23:00:00-08:00,0.0,0.0,0.0,-0.02,1.39,40.26,0.0
2019-02-08 00:00:00-08:00,0.0,0.0,0.0,-0.74,1.47,40.6,0.0
2019-02-08 01:00:00-08:00,0.0,0.0,0.0,-1.2,1.5,41.35,0.0
2019-02-08 02:00:00-08:00,0.0,0.0,0.0,-1.55,1.49,42.82,0.0
2019-02-08 03:00:00-08:00,0.0,0.0,0.0,-1.74,1.47,43.77,0.0
2019-02-08 04:00:00-08:00,0.0,0.0,0.0,-1.91,1.44,44.96,0.0
2019-02-08 05:00:00-08:00,0.0,0.0,0.0,-2.0,1.39,45.59,0.0
2019-02-08 06:00:00-08:00,0.0,0.0,0.0,-1.85,1.3,46.75,0.0
2019-02-08 07:00:00-08:00,144.2,657.32,30.79,1.11,1.62,41.78,0.0
2019-02-08 08:00:00-08:00,325.8,864.75,50.31,3.9,2.09,28.12,0.0
2019-02-08 09:00:00-08:00,490.65,941.32,64.5,5.77,1.44,24.84,0.0
2019-02-08 10:00:00-08:00,594.88,911.92,81.15,7.35,0.72,22.71,0.0
2019-02-08 11:00:00-08:00,676.15,976.48,102.03,8.75,0.64,21.02,0.0
2019-02-08 12:00:00-08:00,686.62,978.64,100.28,10.01,1.05,19.65,0.0
2019-02-08 13:00:00-08:00,591.7,917.2,88.98,11.01,1.66,18.81,0.0
2019-02-08 14:00:00-08:00,475.17,915.69,66.7,11.44,2.08,18.82,0.0
2019-02-08 15:00:00-08:00,310.98,848.6,48.28,11.08,2.04,20.85,0.0
2019-02-08 16:00:00-08:00,115.82,586.55,26.76,8.42,0.84,35.73,0.0
2019-02-08 17:00:00-08:00,0.0,0.0,0.0,6.55,1.04,33.38,0.0
2019-02-08 18:00:00-08:00,0.0,0.0,0.0,4.74,1.3,39.43,0.0
2019-02-08 19:00:00-08:00,0.0,0.0,0.0,3.51,1.38,43.18,0.0
2019-02-08 20:00:00-08:00,0.0,0.0,0.0,2.94,1.34,44.56,0.0
2019-02-08 21:00:00-08:00,0.0,0.0,0.0,2.48,1.25,45.83,0.0
2019-02-08 22:00:00-08:00,0.0,0.0,0.0,1.85,1.2,47.28,0.0
2019-02-08 23:00:00-08:00,0.0,0.0,0.0,0.93,1.22,49.34,0.0
2019-02-09 00:00:00-08:00,0.0,0.0,0.0,0.23,1.22,49.95,0.0
2019-02-09 01:00:00-08:00,0.0,0.0,0.0,-0.05,1.18,49.25,0.0
2019-02-09 02:00:00-08:00,0.0,0.0,0.0,0.36,1.0,47.27,0.0
2019-02-09 03:00:00-08:00,0.0,0.0,0.0,0.97,0.77,44.97,0.0
2019-02-09 04:00:00-08:00,0.0,0.0,0.0,1.35,0.68,43.96,0.0
2019-02-09 05:00:00-08:00,0.0,0.0,0.0,1.05,0.95,45.14,0.0
2019-02-09 06:00:00-08:00,3.53,25.08,4.68,0.66,1.18,48.06,0.0
2019-02-09 07:00:00-08:00,78.72,137.61,51.85,2.82,1.44,49.92,0.0
2019-02-09 08:00:00-08:00,199.95,275.83,130.26,6.71,4.02,36.23,0.0
2019-02-09 09:00:00-08:00,313.67,381.6,176.17,9.32,5.52,39.22,0.0008333333333333334
2019-02-09 10:00:00-08:00,473.73,635.72,158.83,10.87,6.18,43.46,0.00125
2019-02-09 11:00:00-08:00,639.3,885.66,109.34,11.85,6.47,42.95,0.0008333333333333334
2019-02-09 12:00:00-08:00,589.8,826.38,108.93,12.32,6.78,40.17,0.0004166666666666667
2019-02-09 13:00:00-08:00,492.7,751.03,97.36,12.36,6.9,37.99,0.0
2019-02-09 14:00:00-08:00,411.65,826.55,62.94,12.17,6.53,36.68,0.0
2019-02-09 15:00:00-08:00,276.58,786.74,48.32,11.7,5.7,36.97,0.0
2019-02-09 16:00:00-08:00,110.28,604.36,27.63,9.24,3.43,45.35,0.0
2019-02-09 17:00:00-08:00,0.0,0.0,0.0,6.0,2.51,56.6,0.0
2019-02-09 18:00:00-08:00,0.0,0.0,0.0,5.32,2.7,58.71,0.0
2019-02-09 19:00:00-08:00,0.0,0.0,0.0,4.78,2.85,61.16,0.0
2019-02-09 20:00:00-08:00,0.0,0.0,0.0,4.37,2.96,63.84,0.0
2019-02-09 21:00:00-08:00,0.0,0.0,0.0,3.93,2.99,67.15,0.0
2019-02-09 22:00:00-08:00,0.0,0.0,0.0,3.47,2.94,71.67,0.0
2019-02-09 23:00:00-08:00,0.0,0.0,0.0,2.95,2.85,78.31,0.0
2019-02-10 00:00:00-08:00,0.0,0.0,0.0,2.1,2.44,87.38,0.0
2019-02-10 01:00:00-08:00,0.0,0.0,0.0,1.26,2.13,96.76,0.0
2019-02-10 02:00:00-08:00,0.0,0.0,0.0,0.59,1.93,100.0,0.0
2019-02-10 03:00:00-08:00,0.0,0.0,0.0,0.02,1.8,100.0,0.0
2019-02-10 04:00:00-08:00,0.0,0.0,0.0,-0.38,1.8,100.0,0.0025
2019-02-10 05:00:00-08:00,0.0,0.0,0.0,-0.68,1.94,100.0,0.0062499999999999995
2019-02-10 06:00:00-08:00,5.47,56.04,5.4,-0.1,2.45,100.0,0.0062499999999999995
2019-02-10 07:00:00-08:00,127.2,522.7,40.08,3.0,4.52,86.34,0.0025
2019-02-10 08:00:00-08:00,303.83,756.22,62.49,6.39,5.83,66.27,0.0016666666666666668
2019-02-10 09:00:00-08:00,454.92,849.39,78.67,9.63,6.88,45.94,0.00125
2019-02-10 10:00:00-08:00,555.15,878.02,85.93,11.86,7.84,33.8,0.00125
2019-02-10 11:00:00-08:00,537.92,762.01,97.03,13.09,8.72,29.76,0.0020833333333333333
2019-02-10 12:00:00-08:00,603.6,698.95,184.4,13.57,9.43,29.09,0.005
2019-02-10 13:00:00-08:00,264.83,306.66,132.34,13.59,9.93,30.54,0.02291666666666667
2019-02-10 14:00:00-08:00,275.58,486.65,112.93,12.87,10.07,35.18,0.04416666666666667
2019-02-10 15:00:00-08:00,185.62,403.97,82.79,11.62,9.43,43.04,0.04791666666666666
2019-02-10 16:00:00-08:00,79.3,257.54,42.14,9.9,7.83,54.44,0.07625
2019-02-10 17:00:00-08:00,0.0,0.0,0.0,8.13,6.95,64.68,0.38625
2019-02-10 18:00:00-08:00,0.0,0.0,0.0,6.87,6.74,63.59,0.19958333333333333
2019-02-10 19:00:00-08:00,0.0,0.0,0.0,5.07,5.68,56.73,0.034166666666666665
2019-02-10 20:00:00-08:00,0.0,0.0,0.0,3.1,4.11,56.3,0.005
2019-02-10 21:00:00-08:00,0.0,0.0,0.0,1.57,3.08,56.12,0.0
2019-02-10 22:00:00-08:00,0.0,0.0,0.0,0.49,2.84,53.44,0.0
2019-02-10 23:00:00-08:00,0.0,0.0,0.0,-0.32,2.86,50.14,0.0
2019-02-11 00:00:00-08:00,0.0,0.0,0.0,-1.31,2.54,51.47,0.0
2019-02-11 01:00:00-08:00,0.0,0.0,0.0,-2.11,2.24,53.89,0.0
2019-02-11 02:00:00-08:00,0.0,0.0,0.0,-2.73,1.93,56.46,0.0
2019-02-11 03:00:00-08:00,0.0,0.0,0.0,-3.12,1.78,58.04,0.0
2019-02-11 04:00:00-08:00,0.0,0.0,0.0,-3.37,1.64,58.67,0.0
2019-02-11 05:00:00-08:00,0.0,0.0,0.0,-3.39,1.55,58.48,0.0
2019-02-11 06:00:00-08:00,6.85,93.42,5.56,-2.81,1.46,57.9,0.0
2019-02-11 07:00:00-08:00,141.15,606.42,35.91,1.37,2.01,45.55,0.0
2019-02-11 08:00:00-08:00,330.83,837.38,57.79,4.32,2.9,32.48,0.0
2019-02-11 09:00:00-08:00,496.9,902.25,78.06,6.19,2.62,27.27,0.0
2019-02-11 10:00:00-08:00,635.55,907.62,109.48,7.85,2.01,23.63,0.0
2019-02-11 11:00:00-08:00,650.42,915.29,114.66,9.33,1.57,20.73,0.0
2019-02-11 12:00:00-08:00,633.03,908.39,100.21,10.48,1.35,18.83,0.0
2019-02-11 13:00:00-08:00,611.95,893.23,105.96,11.18,1.24,17.63,0.0
2019-02-11 14:00:00-08:00,478.83,939.5,57.71,11.32,1.15,17.13,0.0
2019-02-11 15:00:00-08:00,311.25,822.92,51.4,10.67,1.37,18.12,0.0
2019-02-11 16:00:00-08:00,124.97,591.39,29.57,7.59,0.97,37.14,0.0
2019-02-11 17:00:00-08:00,0.0,0.0,0.0,4.05,1.3,43.08,0.0
2019-02-11 18:00:00-08:00,0.0,0.0,0.0,2.44,1.34,46.43,0.0
2019-02-11 19:00:00-08:00,0.0,0.0,0.0,2.15,1.26,43.85,0.0
2019-02-11 20:00:00-08:00,0.0,0.0,0.0,3.06,0.82,36.59,0.0
2019-02-11 21:00:00-08:00,0.0,0.0,0.0,3.34,0.33,34.15,0.0
2019-02-11 22:00:00-08:00,0.0,0.0,0.0,2.51,0.79,35.4,0.0
2019-02-11 23:00:00-08:00,0.0,0.0,0.0,1.6,1.13,38.21,0.0
2019-02-12 00:00:00-08:00,0.0,0.0,0.0,0.45,1.35,41.75,0.0
2019-02-12 01:00:00-08:00,0.0,0.0,0.0,-0.29,1.44,43.68,0.0
2019-02-12 02:00:00-08:00,0.0,0.0,0.0,-0.99,1.54,45.77,0.0
2019-02-12 03:00:00-08:00,0.0,0.0,0.0,-1.22,1.56,46.1,0.0
2019-02-12 04:00:00-08:00,0.0,0.0,0.0,-1.38,1.53,46.7,0.0
2019-02-12 05:00:00-08:00,0.0,0.0,0.0,-1.28,1.45,46.3,0.0
2019-02-12 06:00:00-08:00,5.68,39.71,7.17,-0.91,1.31,46.51,0.0
2019-02-12 07:00:00-08:00,110.72,181.2,84.6,2.21,1.74,42.9,0.0
2019-02-12 08:00:00-08:00,282.88,276.15,200.59,4.81,2.32,28.72,0.0
2019-02-12 09:00:00-08:00,439.95,324.42,295.38,6.59,1.65,25.37,0.0
2019-02-12 10:00:00-08:00,559.5,479.36,393.01,8.68,1.08,21.45,0.0
2019-02-12 11:00:00-08:00,584.62,299.79,450.53,10.32,0.79,19.31,0.0
2019-02-12 12:00:00-08:00,627.65,691.51,231.81,11.67,0.8,17.86,0.0
2019-02-12 13:00:00-08:00,598.38,720.66,189.29,12.53,1.72,16.64,0.0
2019-02-12 14:00:00-08:00,435.17,707.83,136.7,12.85,1.99,16.28,0.0
2019-02-12 15:00:00-08:00,270.58,580.92,97.53,12.46,2.09,17.41,0.0
2019-02-12 16:00:00-08:00,99.9,362.53,49.79,10.39,0.55,28.62,0.0
2019-02-12 17:00:00-08:00,0.0,0.0,0.0,9.12,0.32,26.15,0.0
2019-02-12 18:00:00-08:00,0.0,0.0,0.0,7.75,0.62,28.43,0.0
2019-02-12 19:00:00-08:00,0.0,0.0,0.0,6.72,0.92,31.57,0.0
2019-02-12 20:00:00-08:00,0.0,0.0,0.0,5.24,1.21,38.16,0.0
2019-02-12 21:00:00-08:00,0.0,0.0,0.0,5.22,1.03,38.03,0.0
2019-02-12 22:00:00-08:00,0.0,0.0,0.0,4.94,0.92,38.92,0.0
2019-02-12 23:00:00-08:00,0.0,0.0,0.0,3.77,1.06,42.98,0.0
2019-02-13 00:00:00-08:00,0.0,0.0,0.0,3.41,1.04,46.58,0.0
2019-02-13 01:00:00-08:00,0.0,0.0,0.0,3.48,0.99,48.06,0.0
2019-02-13 02:00:00-08:00,0.0,0.0,0.0,3.39,0.96,46.8,0.0
2019-02-13 03:00:00-08:00,0.0,0.0,0.0,3.33,0.92,45.42,0.0
2019-02-13 04:00:00-08:00,0.0,0.0,0.0,3.48,0.86,43.77,0.0
2019-02-13 05:00:00-08:00,0.0,0.0,0.0,3.75,0.58,42.56,0.0
2019-02-13 06:00:00-08:00,3.38,0.0,3.86,3.86,0.51,44.45,0.0
2019-02-13 07:00:00-08:00,46.3,0.0,40.49,4.94,0.33,49.43,0.0
2019-02-13 08:00:00-08:00,120.85,0.0,103.23,6.67,0.42,38.65,0.0
2019-02-13 09:00:00-08:00,172.27,0.0,143.08,9.59,2.06,29.95,0.0
2019-02-13 10:00:00-08:00,213.98,33.82,175.08,11.23,2.33,30.39,0.03
2019-02-13 11:00:00-08:00,255.9,36.21,207.07,11.91,2.59,30.43,0.043750000000000004
2019-02-13 12:00:00-08:00,233.68,33.92,188.94,12.62,3.5,30.85,0.017083333333333332
2019-02-13 13:00:00-08:00,148.05,53.06,112.55,12.25,4.07,36.23,0.013333333333333334
2019-02-13 14:00:00-08:00,233.55,107.69,169.56,11.57,4.34,41.25,0.0062499999999999995
2019-02-13 15:00:00-08:00,149.75,104.97,114.92,10.83,3.8,45.59,0.0008333333333333334
2019-02-13 16:00:00-08:00,60.58,81.87,46.05,9.08,2.35,54.73,0.0
2019-02-13 17:00:00-08:00,0.0,0.0,0.0,6.83,2.22,63.06,0.0
2019-02-13 18:00:00-08:00,0.0,0.0,0.0,5.97,2.48,66.61,0.0004166666666666667
2019-02-13 19:00:00-08:00,0.0,0.0,0.0,5.22,2.12,70.82,0.0025
2019-02-13 20:00:00-08:00,0.0,0.0,0.0,5.54,1.8,70.55,0.00375
2019-02-13 21:00:00-08:00,0.0,0.0,0.0,5.85,1.86,69.54,0.0025
2019-02-13 22:00:00-08:00,0.0,0.0,0.0,6.38,2.25,68.12,0.0025
2019-02-13 23:00:00-08:00,0.0,0.0,0.0,6.16,2.15,70.87,0.04791666666666666
2019-02-14 00:00:00-08:00,0.0,0.0,0.0,5.92,1.98,75.73,0.2791666666666667
2019-02-14 01:00:00-08:00,0.0,0.0,0.0,6.07,2.39,80.18,0.17958333333333332
2019-02-14 02:00:00-08:00,0.0,0.0,0.0,5.73,2.47,85.83,0.047499999999999994
2019-02-14 03:00:00-08:00,0.0,0.0,0.0,5.45,2.04,89.01,0.05416666666666667
2019-02-14 04:00:00-08:00,0.0,0.0,0.0,4.87,1.7,92.35,0.025416666666666667
2019-02-14 05:00:00-08:00,0.0,0.0,0.0,4.8,1.67,91.57,0.18166666666666667
2019-02-14 06:00:00-08:00,1.23,0.0,1.37,5.19,2.11,89.09,1.2874999999999999
2019-02-14 07:00:00-08:00,15.52,0.0,13.58,6.33,3.69,85.1,5.577083333333333
2019-02-14 08:00:00-08:00,36.4,8.25,30.13,6.43,3.6,86.95,4.6725
2019-02-14 09:00:00-08:00,52.97,11.28,42.17,7.03,3.89,84.83,3.0966666666666662
2019-02-14 10:00:00-08:00,68.65,29.1,51.61,7.84,4.83,82.0,3.2616666666666667
2019-02-14 11:00:00-08:00,60.83,58.12,37.37,8.43,5.73,80.93,1.8891666666666669
2019-02-14 12:00:00-08:00,49.55,16.96,39.66,8.99,6.89,79.45,2.405
2019-02-14 13:00:00-08:00,63.72,63.42,37.83,9.51,7.3,78.67,2.4204166666666667
2019-02-14 14:00:00-08:00,205.6,101.37,155.88,10.0,6.35,79.8,2.4479166666666665
2019-02-14 15:00:00-08:00,141.6,122.99,100.69,10.02,5.24,82.7,1.4504166666666667
2019-02-14 16:00:00-08:00,64.0,128.54,46.72,9.92,4.66,84.2,0.42874999999999996
2019-02-14 17:00:00-08:00,0.0,0.0,0.0,9.01,4.61,87.0,0.07916666666666666
2019-02-14 18:00:00-08:00,0.0,0.0,0.0,8.91,5.26,81.85,0.011250000000000001
2019-02-14 19:00:00-08:00,0.0,0.0,0.0,8.42,5.34,79.47,0.00375
2019-02-14 20:00:00-08:00,0.0,0.0,0.0,7.83,5.54,80.13,0.0016666666666666668
2019-02-14 21:00:00-08:00,0.0,0.0,0.0,7.02,5.19,82.69,0.0008333333333333334
2019-02-14 22:00:00-08:00,0.0,0.0,0.0,6.41,5.18,85.19,0.0008333333333333334
2019-02-14 23:00:00-08:00,0.0,0.0,0.0,6.23,5.25,86.02,0.00125
2019-02-15 00:00:00-08:00,0.0,0.0,0.0,5.45,3.98,90.17,0.0016666666666666668
2019-02-15 01:00:00-08:00,0.0,0.0,0.0,4.32,3.21,96.57,0.0025
2019-02-15 02:00:00-08:00,0.0,0.0,0.0,3.6,2.88,100.0,0.0025
2019-02-15 03:00:00-08:00,0.0,0.0,0.0,3.71,2.62,99.42,0.0025
2019-02-15 04:00:00-08:00,0.0,0.0,0.0,2.87,2.25,100.0,0.01625
2019-02-15 05:00:00-08:00,0.0,0.0,0.0,2.33,1.99,100.0,0.015833333333333335
2019-02-15 06:00:00-08:00,9.73,80.26,8.72,3.4,2.07,98.97,0.012499999999999999
2019-02-15 07:00:00-08:00,159.55,658.82,39.16,6.18,3.31,83.59,0.0062499999999999995
2019-02-15 08:00:00-08:00,358.25,845.19,63.36,8.01,4.64,73.32,0.00375
2019-02-15 09:00:00-08:00,527.67,898.06,86.47,10.26,5.79,58.24,0.0033333333333333335
2019-02-15 10:00:00-08:00,659.83,969.79,85.6,12.65,6.63,44.13,0.002916666666666667
2019-02-15 11:00:00-08:00,695.38,878.61,151.72,14.26,7.29,37.06,0.0016666666666666668
2019-02-15 12:00:00-08:00,654.05,600.89,276.01,15.14,7.68,34.13,0.0008333333333333334
2019-02-15 13:00:00-08:00,589.38,811.72,139.71,15.25,7.75,33.87,0.0004166666666666667
2019-02-15 14:00:00-08:00,461.2,750.08,115.46,14.71,7.76,35.94,0.0004166666666666667
2019-02-15 15:00:00-08:00,301.23,747.08,72.47,13.55,7.34,41.59,0.0004166666666666667
2019-02-15 16:00:00-08:00,129.38,497.72,44.7,11.74,6.4,51.34,0.0004166666666666667
2019-02-15 17:00:00-08:00,0.0,0.0,0.0,9.83,5.86,61.98,0.0016666666666666668
2019-02-15 18:00:00-08:00,0.0,0.0,0.0,8.99,6.12,67.68,0.0025
2019-02-15 19:00:00-08:00,0.0,0.0,0.0,8.52,6.07,72.42,0.0075
2019-02-15 20:00:00-08:00,0.0,0.0,0.0,7.95,5.85,77.35,0.024999999999999998
2019-02-15 21:00:00-08:00,0.0,0.0,0.0,7.36,5.68,80.53,0.029583333333333333
2019-02-15 22:00:00-08:00,0.0,0.0,0.0,6.66,5.32,82.82,0.021666666666666667
2019-02-15 23:00:00-08:00,0.0,0.0,0.0,6.08,5.37,83.52,0.025416666666666667
2019-02-16 00:00:00-08:00,0.0,0.0,0.0,5.5,5.46,83.97,0.02125
2019-02-16 01:00:00-08:00,0.0,0.0,0.0,4.85,5.3,84.43,0.011250000000000001
2019-02-16 02:00:00-08:00,0.0,0.0,0.0,4.27,5.15,84.54,0.010416666666666666
2019-02-16 03:00:00-08:00,0.0,0.0,0.0,3.65,4.54,85.0,0.0033333333333333335
2019-02-16 04:00:00-08:00,0.0,0.0,0.0,2.73,3.62,88.81,0.0016666666666666668
2019-02-16 05:00:00-08:00,0.0,0.0,0.0,1.65,2.76,94.28,0.0025
2019-02-16 06:00:00-08:00,11.43,127.36,7.36,1.74,2.78,92.06,0.00375
2019-02-16 07:00:00-08:00,166.43,669.69,37.52,4.57,4.31,75.59,0.005
2019-02-16 08:00:00-08:00,365.5,868.51,62.47,7.52,4.24,58.52,0.06208333333333333
2019-02-16 09:00:00-08:00,538.33,921.96,93.99,10.79,2.97,37.04,0.022500000000000003
2019-02-16 10:00:00-08:00,666.72,990.4,88.31,12.16,1.61,30.24,0.0020833333333333333
2019-02-16 11:00:00-08:00,726.25,1015.26,91.56,12.98,0.87,26.74,0.0
2019-02-16 12:00:00-08:00,644.08,813.38,142.14,13.51,1.48,24.85,0.0
2019-02-16 13:00:00-08:00,562.4,728.52,151.73,13.69,2.32,23.96,0.0
2019-02-16 14:00:00-08:00,415.17,633.36,137.52,13.45,3.03,23.93,0.0
2019-02-16 15:00:00-08:00,263.25,514.12,100.94,12.66,3.4,25.5,0.0
2019-02-16 16:00:00-08:00,100.25,345.5,48.82,10.24,2.05,38.49,0.0004166666666666667
2019-02-16 17:00:00-08:00,4.0,45.8,4.9,6.83,1.37,54.35,0.0008333333333333334
2019-02-16 18:00:00-08:00,0.0,0.0,0.0,5.8,1.41,59.48,0.0016666666666666668
2019-02-16 19:00:00-08:00,0.0,0.0,0.0,5.01,1.69,63.69,0.00375
2019-02-16 20:00:00-08:00,0.0,0.0,0.0,4.39,2.0,67.23,0.004583333333333333
2019-02-16 21:00:00-08:00,0.0,0.0,0.0,4.3,2.09,69.63,0.005833333333333334
2019-02-16 22:00:00-08:00,0.0,0.0,0.0,3.78,2.01,73.15,0.00375
2019-02-16 23:00:00-08:00,0.0,0.0,0.0,2.74,1.84,78.55,0.005833333333333334
2019-02-17 00:00:00-08:00,0.0,0.0,0.0,1.45,1.64,84.84,0.012499999999999999
2019-02-17 01:00:00-08:00,0.0,0.0,0.0,0.69,1.39,87.99,0.011250000000000001
2019-02-17 02:00:00-08:00,0.0,0.0,0.0,0.15,1.23,89.8,0.011250000000000001
2019-02-17 03:00:00-08:00,0.0,0.0,0.0,-0.41,1.22,91.88,0.010416666666666666
2019-02-17 04:00:00-08:00,0.0,0.0,0.0,-0.95,1.26,94.52,0.0004166666666666667
2019-02-17 05:00:00-08:00,0.0,0.0,0.0,-1.45,1.29,97.19,0.0004166666666666667
2019-02-17 06:00:00-08:00,10.65,78.51,9.03,-1.15,1.33,94.83,0.0004166666666666667
2019-02-17 07:00:00-08:00,149.27,555.36,47.04,2.17,2.66,76.5,0.0004166666666666667
2019-02-17 08:00:00-08:00,325.8,659.55,84.31,5.19,2.43,62.69,0.009583333333333334
2019-02-17 09:00:00-08:00,490.08,701.97,146.66,8.05,2.46,45.39,0.012083333333333333
2019-02-17 10:00:00-08:00,578.05,849.16,106.52,9.48,3.05,36.56,0.012083333333333333
2019-02-17 11:00:00-08:00,593.7,595.1,226.5,10.09,3.49,32.42,0.009583333333333334
2019-02-17 12:00:00-08:00,447.4,113.48,320.8,10.18,3.66,30.4,0.005833333333333334
2019-02-17 13:00:00-08:00,316.08,1.73,272.31,10.46,3.88,28.28,0.002916666666666667
2019-02-17 14:00:00-08:00,197.25,7.6,162.59,10.38,4.07,28.06,0.00375
2019-02-17 15:00:00-08:00,122.78,13.54,103.46,9.28,3.65,33.61,0.02666666666666667
2019-02-17 16:00:00-08:00,40.58,48.35,34.45,7.34,2.12,50.62,0.12791666666666665
2019-02-17 17:00:00-08:00,2.2,3.84,2.49,5.21,1.3,70.84,0.7758333333333334
2019-02-17 18:00:00-08:00,0.0,0.0,0.0,3.8,1.63,80.97,0.9904166666666666
2019-02-17 19:00:00-08:00,0.0,0.0,0.0,2.97,1.51,86.45,0.4191666666666667
2019-02-17 20:00:00-08:00,0.0,0.0,0.0,2.54,1.21,88.33,0.22041666666666668
2019-02-17 21:00:00-08:00,0.0,0.0,0.0,2.27,0.71,88.61,0.13999999999999999
2019-02-17 22:00:00-08:00,0.0,0.0,0.0,2.06,0.32,89.32,0.06333333333333334
2019-02-17 23:00:00-08:00,0.0,0.0,0.0,1.53,1.52,91.27,0.030833333333333334
2019-02-18 00:00:00-08:00,0.0,0.0,0.0,1.13,2.23,92.63,0.03375
2019-02-18 01:00:00-08:00,0.0,0.0,0.0,1.31,2.11,90.81,0.07416666666666667
2019-02-18 02:00:00-08:00,0.0,0.0,0.0,1.31,1.52,89.27,0.11
2019-02-18 03:00:00-08:00,0.0,0.0,0.0,0.88,1.37,86.62,0.09166666666666667
2019-02-18 04:00:00-08:00,0.0,0.0,0.0,-0.15,1.48,83.94,0.4466666666666667
2019-02-18 05:00:00-08:00,0.0,0.0,0.0,-0.74,1.67,79.16,0.13999999999999999
2019-02-18 06:00:00-08:00,11.18,98.56,8.58,-0.48,2.03,72.75,0.014166666666666668
2019-02-18 07:00:00-08:00,142.02,549.92,40.96,2.86,4.06,53.82,0.007083333333333334
2019-02-18 08:00:00-08:00,313.75,683.32,72.32,5.34,5.12,40.75,0.016666666666666666
2019-02-18 09:00:00-08:00,458.38,792.53,89.28,7.29,4.75,33.87,0.008333333333333333
2019-02-18 10:00:00-08:00,564.85,824.93,133.72,8.58,4.31,29.95,0.010833333333333334
2019-02-18 11:00:00-08:00,702.2,909.01,127.39,9.45,4.17,26.97,0.010833333333333334
2019-02-18 12:00:00-08:00,580.38,760.27,103.7,10.04,4.26,24.58,0.006666666666666667
2019-02-18 13:00:00-08:00,527.42,581.25,212.34,10.24,4.45,23.05,0.005416666666666667
2019-02-18 14:00:00-08:00,341.08,556.27,101.65,10.0,4.66,22.45,0.002916666666666667
2019-02-18 15:00:00-08:00,232.7,529.64,73.42,9.21,4.67,23.17,0.0004166666666666667
2019-02-18 16:00:00-08:00,102.72,405.69,36.83,7.15,3.23,31.22,0.0
2019-02-18 17:00:00-08:00,5.78,73.79,5.44,3.5,1.89,48.06,0.0
2019-02-18 18:00:00-08:00,0.0,0.0,0.0,2.43,2.23,49.64,0.0
2019-02-18 19:00:00-08:00,0.0,0.0,0.0,1.65,2.69,49.91,0.0
2019-02-18 20:00:00-08:00,0.0,0.0,0.0,1.0,2.78,51.63,0.0
2019-02-18 21:00:00-08:00,0.0,0.0,0.0,0.39,2.69,53.48,0.0
2019-02-18 22:00:00-08:00,0.0,0.0,0.0,-0.14,2.57,55.66,0.0
2019-02-18 23:00:00-08:00,0.0,0.0,0.0,-0.49,2.54,57.04,0.0
2019-02-19 00:00:00-08:00,0.0,0.0,0.0,-0.75,2.56,58.29,0.0
2019-02-19 01:00:00-08:00,0.0,0.0,0.0,-0.94,2.68,58.95,0.0
2019-02-19 02:00:00-08:00,0.0,0.0,0.0,-1.13,2.85,59.08,0.0
2019-02-19 03:00:00-08:00,0.0,0.0,0.0,-1.35,2.97,58.81,0.0
2019-02-19 04:00:00-08:00,0.0,0.0,0.0,-1.76,2.87,59.17,0.0
2019-02-19 05:00:00-08:00,0.0,0.0,0.0,-2.28,2.65,59.46,0.0
2019-02-19 06:00:00-08:00,15.0,155.9,8.37,-1.86,2.63,56.28,0.0
2019-02-19 07:00:00-08:00,173.38,703.86,37.1,1.93,4.3,40.5,0.0
2019-02-19 08:00:00-08:00,369.6,838.08,68.24,4.37,5.49,28.89,0.0
2019-02-19 09:00:00-08:00,539.92,918.83,86.43,5.88,5.0,24.56,0.0
2019-02-19 10:00:00-08:00,616.75,895.66,104.43,7.0,4.6,21.99,0.0
2019-02-19 11:00:00-08:00,737.47,1011.84,79.94,7.88,4.47,20.13,0.0
2019-02-19 12:00:00-08:00,703.75,870.75,142.18,8.44,4.33,18.82,0.0
2019-02-19 13:00:00-08:00,635.08,834.52,130.64,8.73,4.23,17.91,0.0
2019-02-19 14:00:00-08:00,518.03,866.13,107.3,8.59,4.11,17.94,0.0
2019-02-19 15:00:00-08:00,334.8,791.4,69.14,7.92,3.84,19.2,0.0
2019-02-19 16:00:00-08:00,139.45,572.58,49.19,5.75,2.02,32.03,0.0
2019-02-19 17:00:00-08:00,6.62,52.12,7.21,2.91,1.2,41.68,0.0
2019-02-19 18:00:00-08:00,0.0,0.0,0.0,3.08,0.93,35.71,0.0
2019-02-19 19:00:00-08:00,0.0,0.0,0.0,2.66,0.81,34.97,0.0
2019-02-19 20:00:00-08:00,0.0,0.0,0.0,1.7,1.0,38.09,0.0
2019-02-19 21:00:00-08:00,0.0,0.0,0.0,0.48,1.23,42.76,0.0
2019-02-19 22:00:00-08:00,0.0,0.0,0.0,-0.25,1.31,44.44,0.0
2019-02-19 23:00:00-08:00,0.0,0.0,0.0,-0.55,1.3,44.77,0.0
2019-02-20 00:00:00-08:00,0.0,0.0,0.0,-0.76,1.27,45.02,0.0016666666666666668
2019-02-20 01:00:00-08:00,0.0,0.0,0.0,-0.63,1.2,46.31,0.0016666666666666668
2019-02-20 02:00:00-08:00,0.0,0.0,0.0,-1.11,1.27,47.88,0.0016666666666666668
2019-02-20 03:00:00-08:00,0.0,0.0,0.0,-1.55,1.3,50.19,0.0
2019-02-20 04:00:00-08:00,0.0,0.0,0.0,-1.84,1.31,52.83,0.0
2019-02-20 05:00:00-08:00,0.0,0.0,0.0,-2.4,1.4,57.12,0.0
2019-02-20 06:00:00-08:00,11.95,57.34,12.61,-1.98,1.52,59.43,0.0
2019-02-20 07:00:00-08:00,128.18,311.58,76.77,1.87,3.03,44.9,0.0
2019-02-20 08:00:00-08:00,275.02,298.42,174.15,4.53,4.29,39.28,0.0
2019-02-20 09:00:00-08:00,396.4,245.66,265.57,6.2,4.89,36.66,0.0
2019-02-20 10:00:00-08:00,527.05,306.72,325.68,7.05,5.14,34.99,0.0
2019-02-20 11:00:00-08:00,472.08,71.97,368.17,7.67,5.5,33.78,0.0004166666666666667
2019-02-20 12:00:00-08:00,355.4,21.41,297.98,8.16,5.68,33.86,0.0008333333333333334
2019-02-20 13:00:00-08:00,360.08,41.02,289.41,8.67,5.56,34.25,0.0020833333333333333
2019-02-20 14:00:00-08:00,282.85,57.05,229.95,8.85,5.2,35.24,0.0062499999999999995
2019-02-20 15:00:00-08:00,166.62,70.06,136.05,8.34,4.42,38.61,0.024166666666666666
2019-02-20 16:00:00-08:00,68.12,73.83,57.31,6.36,2.01,52.06,0.09499999999999999
2019-02-20 17:00:00-08:00,4.4,7.8,5.92,4.56,0.88,62.49,0.265
2019-02-20 18:00:00-08:00,0.0,0.0,0.0,4.59,0.45,61.16,0.48333333333333334
2019-02-20 19:00:00-08:00,0.0,0.0,0.0,3.44,0.62,69.9,0.4579166666666667
2019-02-20 20:00:00-08:00,0.0,0.0,0.0,2.44,0.64,76.65,0.24625
2019-02-20 21:00:00-08:00,0.0,0.0,0.0,1.56,0.65,79.23,0.11375
2019-02-20 22:00:00-08:00,0.0,0.0,0.0,0.74,0.63,81.27,0.07583333333333334
2019-02-20 23:00:00-08:00,0.0,0.0,0.0,0.07,0.53,85.01,0.06458333333333334
2019-02-21 00:00:00-08:00,0.0,0.0,0.0,-0.57,0.53,89.78,0.08083333333333333
2019-02-21 01:00:00-08:00,0.0,0.0,0.0,-0.83,0.54,91.95,0.1125
2019-02-21 02:00:00-08:00,0.0,0.0,0.0,-0.89,0.56,92.09,0.15333333333333335
2019-02-21 03:00:00-08:00,0.0,0.0,0.0,-1.01,0.6,93.24,0.18625
2019-02-21 04:00:00-08:00,0.0,0.0,0.0,-1.17,0.66,94.75,0.2041666666666667
2019-02-21 05:00:00-08:00,0.0,0.0,0.0,-1.32,0.75,96.49,0.11166666666666668
2019-02-21 06:00:00-08:00,8.23,35.96,9.14,-1.23,1.04,96.31,0.11083333333333334
2019-02-21 07:00:00-08:00,82.35,151.01,56.7,0.75,2.87,83.05,0.2658333333333333
2019-02-21 08:00:00-08:00,207.82,247.15,132.75,2.59,3.26,71.53,0.5041666666666667
2019-02-21 09:00:00-08:00,310.77,380.91,145.92,3.89,2.89,62.66,0.9604166666666667
2019-02-21 10:00:00-08:00,400.6,207.21,257.0,4.13,2.27,59.67,0.84625
2019-02-21 11:00:00-08:00,481.2,262.08,297.3,3.9,2.45,61.36,0.7466666666666667
2019-02-21 12:00:00-08:00,458.25,214.89,292.27,4.22,2.77,59.96,0.7116666666666666
2019-02-21 13:00:00-08:00,364.15,123.39,258.87,4.42,2.38,58.43,0.36624999999999996
2019-02-21 14:00:00-08:00,281.15,170.61,184.61,4.39,1.76,58.06,0.19041666666666668
2019-02-21 15:00:00-08:00,166.18,107.72,127.39,4.24,1.2,58.89,0.08875
2019-02-21 16:00:00-08:00,66.6,78.7,51.05,3.62,0.3,67.32,0.13125
2019-02-21 17:00:00-08:00,4.2,12.51,5.46,2.45,0.65,71.38,0.14916666666666667
2019-02-21 18:00:00-08:00,0.0,0.0,0.0,1.32,0.86,78.56,0.07208333333333333
2019-02-21 19:00:00-08:00,0.0,0.0,0.0,0.72,0.86,79.79,0.09583333333333333
2019-02-21 20:00:00-08:00,0.0,0.0,0.0,0.51,0.77,78.26,0.022083333333333333
2019-02-21 21:00:00-08:00,0.0,0.0,0.0,0.37,0.66,76.97,0.02125
2019-02-21 22:00:00-08:00,0.0,0.0,0.0,-0.13,0.86,79.23,0.045000000000000005
2019-02-21 23:00:00-08:00,0.0,0.0,0.0,-1.03,1.09,85.4,0.02291666666666667
2019-02-22 00:00:00-08:00,0.0,0.0,0.0,-1.27,1.17,89.06,0.007083333333333334
2019-02-22 01:00:00-08:00,0.0,0.0,0.0,-1.05,1.23,89.08,0.0025
2019-02-22 02:00:00-08:00,0.0,0.0,0.0,-1.22,1.46,87.69,0.0008333333333333334
2019-02-22 03:00:00-08:00,0.0,0.0,0.0,-1.9,1.79,81.76,0.0004166666666666667
2019-02-22 04:00:00-08:00,0.0,0.0,0.0,-2.17,2.18,70.32,0.025833333333333333
2019-02-22 05:00:00-08:00,0.0,0.0,0.0,-2.19,2.42,64.97,0.015
2019-02-22 06:00:00-08:00,17.98,191.5,9.72,-1.31,2.69,60.7,0.007916666666666667
2019-02-22 07:00:00-08:00,179.75,695.46,36.89,2.4,4.71,47.31,0.00125
2019-02-22 08:00:00-08:00,370.9,860.05,57.41,4.22,5.89,40.18,0.0
2019-02-22 09:00:00-08:00,550.33,957.91,56.74,5.88,5.77,35.0,0.0
2019-02-22 10:00:00-08:00,624.03,885.75,96.81,7.21,5.39,31.65,0.0
2019-02-22 11:00:00-08:00,667.22,846.18,114.92,8.24,5.22,28.95,0.0
2019-02-22 12:00:00-08:00,691.6,947.14,95.27,8.93,5.08,27.11,0.0
2019-02-22 13:00:00-08:00,629.0,857.1,131.56,9.31,4.81,25.78,0.0
2019-02-22 14:00:00-08:00,519.92,804.85,117.36,9.4,4.37,25.13,0.0
2019-02-22 15:00:00-08:00,351.58,779.69,71.64,8.99,3.63,26.12,0.0
2019-02-22 16:00:00-08:00,159.65,669.07,38.05,6.78,1.56,42.92,0.0
2019-02-22 17:00:00-08:00,10.35,107.57,7.52,4.03,1.31,46.35,0.0
2019-02-22 18:00:00-08:00,0.0,0.0,0.0,3.1,1.39,46.03,0.0
2019-02-22 19:00:00-08:00,0.0,0.0,0.0,2.13,1.44,47.47,0.0
2019-02-22 20:00:00-08:00,0.0,0.0,0.0,1.36,1.45,48.2,0.0
2019-02-22 21:00:00-08:00,0.0,0.0,0.0,0.81,1.42,48.1,0.0
2019-02-22 22:00:00-08:00,0.0,0.0,0.0,0.35,1.39,48.32,0.0
2019-02-22 23:00:00-08:00,0.0,0.0,0.0,-0.01,1.36,48.65,0.0
2019-02-23 00:00:00-08:00,0.0,0.0,0.0,-0.27,1.33,48.73,0.20916666666666664
2019-02-23 01:00:00-08:00,0.0,0.0,0.0,-0.09,1.23,47.55,0.20916666666666664
2019-02-23 02:00:00-08:00,0.0,0.0,0.0,0.18,1.09,47.09,0.20916666666666664
2019-02-23 03:00:00-08:00,0.0,0.0,0.0,0.05,1.02,48.3,0.0
2019-02-23 04:00:00-08:00,0.0,0.0,0.0,-0.24,1.03,50.49,0.0
2019-02-23 05:00:00-08:00,0.0,0.0,0.0,-0.62,1.04,53.18,0.0
2019-02-23 06:00:00-08:00,22.77,205.0,10.61,-0.48,0.94,57.23,0.0
2019-02-23 07:00:00-08:00,205.88,749.46,43.6,2.0,1.38,51.3,0.0
2019-02-23 08:00:00-08:00,413.65,904.03,74.57,4.52,0.65,39.02,0.0
2019-02-23 09:00:00-08:00,577.7,914.54,116.13,6.75,0.25,31.14,0.0
2019-02-23 10:00:00-08:00,705.62,973.07,105.18,8.52,0.43,26.37,0.0
2019-02-23 11:00:00-08:00,739.92,851.81,176.16,9.94,0.82,23.45,0.0
2019-02-23 12:00:00-08:00,685.9,762.12,213.71,10.91,1.08,22.08,0.0
2019-02-23 13:00:00-08:00,620.67,703.28,215.52,11.46,1.02,21.16,0.0
2019-02-23 14:00:00-08:00,430.4,402.15,237.11,11.55,0.96,21.02,0.0
2019-02-23 15:00:00-08:00,279.2,302.86,179.81,11.02,0.99,21.89,0.0
2019-02-23 16:00:00-08:00,109.78,206.54,75.32,8.93,0.78,39.78,0.0
2019-02-23 17:00:00-08:00,7.4,29.76,10.06,5.46,1.2,46.14,0.0
2019-02-23 18:00:00-08:00,0.0,0.0,0.0,3.94,1.28,49.86,0.0
2019-02-23 19:00:00-08:00,0.0,0.0,0.0,3.37,1.25,49.23,0.0
2019-02-23 20:00:00-08:00,0.0,0.0,0.0,3.31,1.16,46.92,0.0
2019-02-23 21:00:00-08:00,0.0,0.0,0.0,3.43,0.96,44.41,0.0
2019-02-23 22:00:00-08:00,0.0,0.0,0.0,3.27,0.83,43.94,0.0
2019-02-23 23:00:00-08:00,0.0,0.0,0.0,2.54,0.96,46.47,0.0
2019-02-24 00:00:00-08:00,0.0,0.0,0.0,1.56,1.14,49.84,0.0
2019-02-24 01:00:00-08:00,0.0,0.0,0.0,0.63,1.27,53.75,0.0
2019-02-24 02:00:00-08:00,0.0,0.0,0.0,-0.4,1.38,57.63,0.0
2019-02-24 03:00:00-08:00,0.0,0.0,0.0,-1.11,1.43,60.56,0.0
2019-02-24 04:00:00-08:00,0.0,0.0,0.0,-1.22,1.42,60.57,0.0
2019-02-24 05:00:00-08:00,0.0,0.0,0.0,-1.08,1.38,59.6,0.0
2019-02-24 06:00:00-08:00,18.05,116.29,17.19,-0.43,1.25,60.81,0.0
2019-02-24 07:00:00-08:00,188.85,567.96,72.93,3.27,2.17,48.37,0.0
2019-02-24 08:00:00-08:00,388.92,826.42,79.27,6.19,2.69,36.1,0.0
2019-02-24 09:00:00-08:00,589.75,1006.67,57.1,8.59,2.83,30.21,0.0
2019-02-24 10:00:00-08:00,657.17,923.18,89.96,10.33,2.8,27.34,0.0
2019-02-24 11:00:00-08:00,760.92,960.02,106.12,11.68,2.66,25.29,0.0
2019-02-24 12:00:00-08:00,745.9,969.64,82.53,12.72,2.47,23.9,0.0
2019-02-24 13:00:00-08:00,669.1,897.37,109.39,13.41,2.21,22.81,0.0
2019-02-24 14:00:00-08:00,542.55,923.13,72.59,13.59,1.86,22.53,0.0
2019-02-24 15:00:00-08:00,367.6,843.18,57.6,13.12,1.39,23.32,0.0
2019-02-24 16:00:00-08:00,168.57,710.98,35.16,11.52,0.52,33.83,0.0
2019-02-24 17:00:00-08:00,11.5,112.78,7.5,9.82,0.45,32.1,0.0
2019-02-24 18:00:00-08:00,0.0,0.0,0.0,8.85,0.64,32.7,0.0
2019-02-24 19:00:00-08:00,0.0,0.0,0.0,8.54,0.59,31.77,0.0
2019-02-24 20:00:00-08:00,0.0,0.0,0.0,7.75,0.79,33.1,0.0
2019-02-24 21:00:00-08:00,0.0,0.0,0.0,7.16,0.97,35.35,0.0
2019-02-24 22:00:00-08:00,0.0,0.0,0.0,6.92,0.9,35.78,0.0
2019-02-24 23:00:00-08:00,0.0,0.0,0.0,6.79,0.75,35.49,0.0
2019-02-25 00:00:00-08:00,0.0,0.0,0.0,6.4,0.56,36.61,0.0
2019-02-25 01:00:00-08:00,0.0,0.0,0.0,6.22,0.47,37.85,0.0
2019-02-25 02:00:00-08:00,0.0,0.0,0.0,5.77,0.67,39.83,0.0
2019-02-25 03:00:00-08:00,0.0,0.0,0.0,5.2,0.84,43.3,0.0
2019-02-25 04:00:00-08:00,0.0,0.0,0.0,4.53,0.94,47.87,0.0
2019-02-25 05:00:00-08:00,0.0,0.0,0.0,3.8,1.02,52.65,0.0
2019-02-25 06:00:00-08:00,15.18,42.93,16.29,3.36,1.01,57.41,0.0
2019-02-25 07:00:00-08:00,134.73,73.67,105.08,5.53,1.49,48.68,0.0
2019-02-25 08:00:00-08:00,265.7,59.81,221.74,8.03,1.28,37.24,0.0
2019-02-25 09:00:00-08:00,386.08,47.13,318.39,10.18,0.67,31.72,0.0
2019-02-25 10:00:00-08:00,521.1,425.28,251.87,11.84,0.85,29.36,0.0
2019-02-25 11:00:00-08:00,744.67,934.47,142.66,13.56,1.19,27.56,0.0
2019-02-25 12:00:00-08:00,723.7,917.65,98.48,15.12,1.73,26.2,0.0
2019-02-25 13:00:00-08:00,648.92,880.83,125.3,16.27,2.11,25.29,0.0
2019-02-25 14:00:00-08:00,539.12,873.72,88.17,16.72,2.34,25.11,0.0
2019-02-25 15:00:00-08:00,357.33,766.68,71.91,16.29,2.46,26.84,0.0
2019-02-25 16:00:00-08:00,160.85,581.9,54.76,13.71,1.17,44.68,0.0
2019-02-25 17:00:00-08:00,11.07,71.98,10.34,10.68,1.17,48.2,0.0
2019-02-25 18:00:00-08:00,0.0,0.0,0.0,9.64,1.19,49.09,0.0
2019-02-25 19:00:00-08:00,0.0,0.0,0.0,8.76,1.24,51.33,0.0
2019-02-25 20:00:00-08:00,0.0,0.0,0.0,7.97,1.3,54.04,0.0
2019-02-25 21:00:00-08:00,0.0,0.0,0.0,6.87,1.37,57.23,0.0
2019-02-25 22:00:00-08:00,0.0,0.0,0.0,5.78,1.42,60.73,0.0
2019-02-25 23:00:00-08:00,0.0,0.0,0.0,5.42,1.36,63.25,0.0
2019-02-26 00:00:00-08:00,0.0,0.0,0.0,4.67,1.37,65.08,0.0
2019-02-26 01:00:00-08:00,0.0,0.0,0.0,3.93,1.42,66.7,0.0
2019-02-26 02:00:00-08:00,0.0,0.0,0.0,4.06,1.45,65.89,0.0
2019-02-26 03:00:00-08:00,0.0,0.0,0.0,4.33,1.49,64.83,0.0
2019-02-26 04:00:00-08:00,0.0,0.0,0.0,4.62,1.47,63.72,0.0
2019-02-26 05:00:00-08:00,0.0,0.0,0.0,4.31,1.49,63.18,0.0
2019-02-26 06:00:00-08:00,21.55,125.73,16.65,5.01,1.45,61.88,0.0
2019-02-26 07:00:00-08:00,182.18,567.34,58.74,9.1,2.22,49.09,0.0
2019-02-26 08:00:00-08:00,371.25,761.25,77.64,12.29,3.35,37.2,0.0
2019-02-26 09:00:00-08:00,560.78,853.02,106.29,15.73,3.93,29.25,0.0
2019-02-26 10:00:00-08:00,614.17,473.48,319.12,18.19,3.76,24.36,0.0
2019-02-26 11:00:00-08:00,638.62,315.7,407.53,19.05,3.84,22.93,0.0
2019-02-26 12:00:00-08:00,647.25,574.46,455.12,18.87,4.06,23.58,0.0
2019-02-26 13:00:00-08:00,491.25,80.15,403.26,18.4,4.06,25.53,0.0
2019-02-26 14:00:00-08:00,355.05,9.81,306.13,17.65,3.61,29.33,0.0
2019-02-26 15:00:00-08:00,215.9,14.16,185.95,16.39,2.6,37.04,0.0
2019-02-26 16:00:00-08:00,88.15,27.98,78.32,13.64,1.78,48.7,0.0
2019-02-26 17:00:00-08:00,7.28,3.83,7.76,11.58,1.77,52.73,0.0
2019-02-26 18:00:00-08:00,0.0,0.0,0.0,10.61,1.72,54.28,0.0
2019-02-26 19:00:00-08:00,0.0,0.0,0.0,9.52,1.57,56.26,0.0
2019-02-26 20:00:00-08:00,0.0,0.0,0.0,8.8,1.55,57.11,0.0
2019-02-26 21:00:00-08:00,0.0,0.0,0.0,8.4,1.51,57.2,0.0
2019-02-26 22:00:00-08:00,0.0,0.0,0.0,8.15,1.43,57.21,0.0
2019-02-26 23:00:00-08:00,0.0,0.0,0.0,7.95,1.36,57.28,0.0
2019-02-27 00:00:00-08:00,0.0,0.0,0.0,7.72,1.32,57.04,0.0
2019-02-27 01:00:00-08:00,0.0,0.0,0.0,6.85,1.44,56.48,0.0
2019-02-27 02:00:00-08:00,0.0,0.0,0.0,6.31,1.47,56.27,0.0
2019-02-27 03:00:00-08:00,0.0,0.0,0.0,5.92,1.47,56.21,0.0
2019-02-27 04:00:00-08:00,0.0,0.0,0.0,5.59,1.48,56.69,0.0
2019-02-27 05:00:00-08:00,0.0,0.0,0.0,5.54,1.47,56.25,0.0
2019-02-27 06:00:00-08:00,18.0,52.92,20.07,6.21,1.34,56.7,0.0
2019-02-27 07:00:00-08:00,164.32,244.32,113.68,10.44,1.96,46.23,0.0
2019-02-27 08:00:00-08:00,333.85,371.05,192.29,13.9,3.55,32.6,0.0
2019-02-27 09:00:00-08:00,478.12,516.01,234.56,17.16,4.8,25.68,0.0
2019-02-27 10:00:00-08:00,653.47,747.58,178.29,19.22,5.04,22.63,0.0
2019-02-27 11:00:00-08:00,732.05,823.87,188.44,20.67,5.03,21.22,0.0
2019-02-27 12:00:00-08:00,718.15,915.07,102.13,21.66,5.12,20.81,0.0
2019-02-27 13:00:00-08:00,675.5,894.37,116.35,22.07,5.41,21.18,0.0
2019-02-27 14:00:00-08:00,547.55,879.53,79.34,21.86,5.64,22.19,0.0
2019-02-27 15:00:00-08:00,367.4,796.86,68.45,20.89,5.33,24.57,0.0
2019-02-27 16:00:00-08:00,167.02,599.51,50.96,17.89,3.11,34.69,0.0
2019-02-27 17:00:00-08:00,12.4,59.46,12.39,13.39,2.08,49.02,0.0
2019-02-27 18:00:00-08:00,0.0,0.0,0.0,12.1,2.11,53.39,0.0
2019-02-27 19:00:00-08:00,0.0,0.0,0.0,11.62,2.28,56.32,0.0
2019-02-27 20:00:00-08:00,0.0,0.0,0.0,11.45,2.68,59.94,0.0
2019-02-27 21:00:00-08:00,0.0,0.0,0.0,11.32,3.12,66.91,0.0
2019-02-27 22:00:00-08:00,0.0,0.0,0.0,10.95,3.43,76.08,0.0
2019-02-27 23:00:00-08:00,0.0,0.0,0.0,10.36,3.55,84.09,0.0
2019-02-28 00:00:00-08:00,0.0,0.0,0.0,9.9,3.76,88.43,0.0
2019-02-28 01:00:00-08:00,0.0,0.0,0.0,9.43,3.38,91.99,0.0
2019-02-28 02:00:00-08:00,0.0,0.0,0.0,8.22,2.5,99.76,0.0
2019-02-28 03:00:00-08:00,0.0,0.0,0.0,7.51,2.22,100.0,0.0
2019-02-28 04:00:00-08:00,0.0,0.0,0.0,7.82,2.36,100.0,0.0
2019-02-28 05:00:00-08:00,0.0,0.0,0.0,7.38,2.35,100.0,0.0
2019-02-28 06:00:00-08:00,25.12,128.41,20.15,8.67,2.94,96.52,0.0
2019-02-28 07:00:00-08:00,200.82,578.74,64.32,12.41,4.82,76.79,0.0
2019-02-28 08:00:00-08:00,400.12,758.25,89.84,15.44,5.91,62.05,0.0
2019-02-28 09:00:00-08:00,572.5,860.04,95.19,17.67,5.81,50.3,0.0
2019-02-28 10:00:00-08:00,676.7,920.64,99.99,19.59,5.38,42.04,0.0
2019-02-28 11:00:00-08:00,772.33,965.97,100.58,21.15,5.3,36.08,0.0
2019-02-28 12:00:00-08:00,756.92,992.11,76.31,22.22,5.34,32.26,0.0
2019-02-28 13:00:00-08:00,683.97,959.47,79.42,22.78,5.43,29.86,0.0
2019-02-28 14:00:00-08:00,557.25,910.12,70.5,22.76,5.76,28.7,0.0
2019-02-28 15:00:00-08:00,380.42,825.81,62.3,22.02,6.08,29.35,0.0
2019-02-28 16:00:00-08:00,183.57,695.85,40.81,19.85,5.1,34.96,0.0
2019-02-28 17:00:00-08:00,15.18,106.5,10.54,16.89,3.89,45.03,0.0
2019-02-28 18:00:00-08:00,0.0,0.0,0.0,15.44,3.78,50.85,0.0
2019-02-28 19:00:00-08:00,0.0,0.0,0.0,13.55,3.28,57.85,0.0
2019-02-28 20:00:00-08:00,0.0,0.0,0.0,12.55,3.27,61.87,0.0
2019-02-28 21:00:00-08:00,0.0,0.0,0.0,12.43,3.79,62.69,0.0
2019-02-28 22:00:00-08:00,0.0,0.0,0.0,12.21,3.62,64.34,0.0
2019-02-28 23:00:00-08:00,0.0,0.0,0.0,11.88,3.61,65.88,0.0
